country,iso_code_3,year,HDI (original series),(Pre 2020 Trend) HDI,(2022 Trend) HDI,World (original series),(Pre 2020 Trend) World,(2022 Trend) World,Very High HD Countries (original series),(Pre 2020 Trend) Very High HD Countries,(2022 Trend) Very High HD Countries,LAC (original series),(Pre 2020 Trend) LAC,(2022 Trend) LAC,input1,input2,input3,input4,country_text,
Antigua and Barbuda,ATG,1990,,,,0.608,,,0.797,,,0.648,,,,,,,,
Antigua and Barbuda,ATG,1991,,,,0.611,,,0.8,,,0.653,,,,,,,,
Antigua and Barbuda,ATG,1992,,,,0.614,,,0.802,,,0.657,,,,,,,,
Antigua and Barbuda,ATG,1993,,,,0.617,,,0.804,,,0.661,,,,,,,,
Antigua and Barbuda,ATG,1994,,,,0.62,,,0.809,,,0.666,,,,,,,,
Antigua and Barbuda,ATG,1995,,,,0.625,,,0.812,,,0.67,,,,,,,,
Antigua and Barbuda,ATG,1996,,,,0.631,,,0.818,,,0.676,,,,,,,,
Antigua and Barbuda,ATG,1997,,,,0.636,,,0.824,,,0.683,,,,,,,,
Antigua and Barbuda,ATG,1998,,,,0.641,,,0.829,,,0.688,,,,,,,,
Antigua and Barbuda,ATG,1999,,,,0.646,,,0.832,,,0.692,,,,,,,,
Antigua and Barbuda,ATG,2000,,,,0.651,,,0.838,,,0.697,,,,,,,,
Antigua and Barbuda,ATG,2001,,,,0.657,,,0.843,,,0.702,,,,,,,,
Antigua and Barbuda,ATG,2002,,,,0.662,,,0.847,,,0.706,,,,,,,,
Antigua and Barbuda,ATG,2003,,,,0.669,,,0.852,,,0.711,,,,,,,,
Antigua and Barbuda,ATG,2004,,,,0.675,,,0.857,,,0.717,,,,,,,,
Antigua and Barbuda,ATG,2005,,,,0.681,,,0.861,,,0.723,,,,,,,,
Antigua and Barbuda,ATG,2006,,,,0.688,,,0.866,,,0.729,,,,,,,,
Antigua and Barbuda,ATG,2007,0.827,,,0.694,,,0.87,,,0.736,,,,,,,,
Antigua and Barbuda,ATG,2008,0.83,,,0.698,,,0.872,,,0.742,,,,,,,,
Antigua and Barbuda,ATG,2009,0.827,,,0.701,,,0.874,,,0.743,,,,,,,,
Antigua and Barbuda,ATG,2010,0.828,,,0.707,,,0.879,,,0.747,,,,,,,,
Antigua and Barbuda,ATG,2011,0.828,,,0.713,,,0.883,,,0.753,,,,,,,,
Antigua and Barbuda,ATG,2012,0.833,,,0.717,,,0.886,,,0.758,,,,,,,,
Antigua and Barbuda,ATG,2013,0.835,,,0.721,,,0.892,,,0.762,,,,,,,,
Antigua and Barbuda,ATG,2014,0.837,,,0.726,,,0.895,,,0.765,,,,,,,,
Antigua and Barbuda,ATG,2015,0.839,,,0.731,,,0.898,,,0.767,,,,,,,,
Antigua and Barbuda,ATG,2016,0.842,,,0.735,,,0.9,,,0.769,,,,,,,,
Antigua and Barbuda,ATG,2017,0.845,,,0.739,,,0.903,,,0.772,,,,,,,,
Antigua and Barbuda,ATG,2018,0.85,,,0.741,,,0.906,,,0.774,,,,,,,,
Antigua and Barbuda,ATG,2019,0.851,,,0.745,,,0.909,,,0.776,,,,,,,,
Antigua and Barbuda,ATG,2020,0.84,0.853,,0.742,0.75,,0.901,0.913,,0.764,0.781,,,,,,,
Antigua and Barbuda,ATG,2021,0.843,0.855,,0.742,0.756,,0.903,0.917,,0.762,0.786,,,,,,,
Antigua and Barbuda,ATG,2022,0.848,0.857,,0.752,0.761,,0.908,0.921,,0.778,0.791,,,,,,,
Antigua and Barbuda,ATG,2023,0.851,0.859,0.851,0.756,0.766,0.756,0.914,0.926,0.914,0.783,0.796,0.783,0.851,very high,has not,same as,"Antigua and Barbuda HDI reached 0.851 in 2023, placing it in the very high human development category. The country has not bounced back from the COVID-19 setback, with its development outcomes same as pre-pandemic levels.",
Antigua and Barbuda,ATG,2024,,0.861,0.854,,0.772,0.76,,0.93,0.92,,0.801,0.788,,,,,,
Antigua and Barbuda,ATG,2025,,0.863,0.857,,0.777,0.764,,0.934,0.926,,0.806,0.793,,,,,,
Argentina,ARG,1990,0.733,,,0.608,,,0.797,,,0.648,,,,,,,,
Argentina,ARG,1991,0.739,,,0.611,,,0.8,,,0.653,,,,,,,,
Argentina,ARG,1992,0.743,,,0.614,,,0.802,,,0.657,,,,,,,,
Argentina,ARG,1993,0.748,,,0.617,,,0.804,,,0.661,,,,,,,,
Argentina,ARG,1994,0.753,,,0.62,,,0.809,,,0.666,,,,,,,,
Argentina,ARG,1995,0.754,,,0.625,,,0.812,,,0.67,,,,,,,,
Argentina,ARG,1996,0.76,,,0.631,,,0.818,,,0.676,,,,,,,,
Argentina,ARG,1997,0.768,,,0.636,,,0.824,,,0.683,,,,,,,,
Argentina,ARG,1998,0.772,,,0.641,,,0.829,,,0.688,,,,,,,,
Argentina,ARG,1999,0.783,,,0.646,,,0.832,,,0.692,,,,,,,,
Argentina,ARG,2000,0.789,,,0.651,,,0.838,,,0.697,,,,,,,,
Argentina,ARG,2001,0.795,,,0.657,,,0.843,,,0.702,,,,,,,,
Argentina,ARG,2002,0.795,,,0.662,,,0.847,,,0.706,,,,,,,,
Argentina,ARG,2003,0.804,,,0.669,,,0.852,,,0.711,,,,,,,,
Argentina,ARG,2004,0.808,,,0.675,,,0.857,,,0.717,,,,,,,,
Argentina,ARG,2005,0.812,,,0.681,,,0.861,,,0.723,,,,,,,,
Argentina,ARG,2006,0.822,,,0.688,,,0.866,,,0.729,,,,,,,,
Argentina,ARG,2007,0.825,,,0.694,,,0.87,,,0.736,,,,,,,,
Argentina,ARG,2008,0.833,,,0.698,,,0.872,,,0.742,,,,,,,,
Argentina,ARG,2009,0.835,,,0.701,,,0.874,,,0.743,,,,,,,,
Argentina,ARG,2010,0.844,,,0.707,,,0.879,,,0.747,,,,,,,,
Argentina,ARG,2011,0.852,,,0.713,,,0.883,,,0.753,,,,,,,,
Argentina,ARG,2012,0.85,,,0.717,,,0.886,,,0.758,,,,,,,,
Argentina,ARG,2013,0.852,,,0.721,,,0.892,,,0.762,,,,,,,,
Argentina,ARG,2014,0.855,,,0.726,,,0.895,,,0.765,,,,,,,,
Argentina,ARG,2015,0.859,,,0.731,,,0.898,,,0.767,,,,,,,,
Argentina,ARG,2016,0.857,,,0.735,,,0.9,,,0.769,,,,,,,,
Argentina,ARG,2017,0.861,,,0.739,,,0.903,,,0.772,,,,,,,,
Argentina,ARG,2018,0.861,,,0.741,,,0.906,,,0.774,,,,,,,,
Argentina,ARG,2019,0.861,,,0.745,,,0.909,,,0.776,,,,,,,,
Argentina,ARG,2020,0.851,0.866,,0.742,0.75,,0.901,0.913,,0.764,0.781,,,,,,,
Argentina,ARG,2021,0.847,0.871,,0.742,0.756,,0.903,0.917,,0.762,0.786,,,,,,,
Argentina,ARG,2022,0.858,0.875,,0.752,0.761,,0.908,0.921,,0.778,0.791,,,,,,,
Argentina,ARG,2023,0.865,0.88,0.865,0.756,0.766,0.756,0.914,0.926,0.914,0.783,0.796,0.783,0.865,very high,has,above,"Argentina HDI reached 0.865 in 2023, placing it in the very high human development category. The country has bounced back from the COVID-19 setback, with its development outcomes above pre-pandemic levels.",
Argentina,ARG,2024,,0.885,0.872,,0.772,0.76,,0.93,0.92,,0.801,0.788,,,,,,
Argentina,ARG,2025,,0.89,0.879,,0.777,0.764,,0.934,0.926,,0.806,0.793,,,,,,
Bahamas,BHS,1990,0.762,,,0.608,,,0.797,,,0.648,,,,,,,,
Bahamas,BHS,1991,0.762,,,0.611,,,0.8,,,0.653,,,,,,,,
Bahamas,BHS,1992,0.762,,,0.614,,,0.802,,,0.657,,,,,,,,
Bahamas,BHS,1993,0.763,,,0.617,,,0.804,,,0.661,,,,,,,,
Bahamas,BHS,1994,0.765,,,0.62,,,0.809,,,0.666,,,,,,,,
Bahamas,BHS,1995,0.774,,,0.625,,,0.812,,,0.67,,,,,,,,
Bahamas,BHS,1996,0.779,,,0.631,,,0.818,,,0.676,,,,,,,,
Bahamas,BHS,1997,0.773,,,0.636,,,0.824,,,0.683,,,,,,,,
Bahamas,BHS,1998,0.777,,,0.641,,,0.829,,,0.688,,,,,,,,
Bahamas,BHS,1999,0.783,,,0.646,,,0.832,,,0.692,,,,,,,,
Bahamas,BHS,2000,0.787,,,0.651,,,0.838,,,0.697,,,,,,,,
Bahamas,BHS,2001,0.79,,,0.657,,,0.843,,,0.702,,,,,,,,
Bahamas,BHS,2002,0.793,,,0.662,,,0.847,,,0.706,,,,,,,,
Bahamas,BHS,2003,0.794,,,0.669,,,0.852,,,0.711,,,,,,,,
Bahamas,BHS,2004,0.795,,,0.675,,,0.857,,,0.717,,,,,,,,
Bahamas,BHS,2005,0.798,,,0.681,,,0.861,,,0.723,,,,,,,,
Bahamas,BHS,2006,0.8,,,0.688,,,0.866,,,0.729,,,,,,,,
Bahamas,BHS,2007,0.801,,,0.694,,,0.87,,,0.736,,,,,,,,
Bahamas,BHS,2008,0.801,,,0.698,,,0.872,,,0.742,,,,,,,,
Bahamas,BHS,2009,0.8,,,0.701,,,0.874,,,0.743,,,,,,,,
Bahamas,BHS,2010,0.801,,,0.707,,,0.879,,,0.747,,,,,,,,
Bahamas,BHS,2011,0.802,,,0.713,,,0.883,,,0.753,,,,,,,,
Bahamas,BHS,2012,0.805,,,0.717,,,0.886,,,0.758,,,,,,,,
Bahamas,BHS,2013,0.805,,,0.721,,,0.892,,,0.762,,,,,,,,
Bahamas,BHS,2014,0.807,,,0.726,,,0.895,,,0.765,,,,,,,,
Bahamas,BHS,2015,0.807,,,0.731,,,0.898,,,0.767,,,,,,,,
Bahamas,BHS,2016,0.808,,,0.735,,,0.9,,,0.769,,,,,,,,
Bahamas,BHS,2017,0.81,,,0.739,,,0.903,,,0.772,,,,,,,,
Bahamas,BHS,2018,0.812,,,0.741,,,0.906,,,0.774,,,,,,,,
Bahamas,BHS,2019,0.8,,,0.745,,,0.909,,,0.776,,,,,,,,
Bahamas,BHS,2020,0.797,0.801,,0.742,0.75,,0.901,0.913,,0.764,0.781,,,,,,,
Bahamas,BHS,2021,0.794,0.803,,0.742,0.756,,0.903,0.917,,0.762,0.786,,,,,,,
Bahamas,BHS,2022,0.818,0.804,,0.752,0.761,,0.908,0.921,,0.778,0.791,,,,,,,
Bahamas,BHS,2023,0.82,0.805,0.82,0.756,0.766,0.756,0.914,0.926,0.914,0.783,0.796,0.783,0.82,very high,has,above,"Bahamas HDI reached 0.82 in 2023, placing it in the very high human development category. The country has bounced back from the COVID-19 setback, with its development outcomes above pre-pandemic levels.",
Bahamas,BHS,2024,,0.807,0.822,,0.772,0.76,,0.93,0.92,,0.801,0.788,,,,,,
Bahamas,BHS,2025,,0.808,0.824,,0.777,0.764,,0.934,0.926,,0.806,0.793,,,,,,
Barbados,BRB,1990,0.73,,,0.608,,,0.797,,,0.648,,,,,,,,
Barbados,BRB,1991,0.732,,,0.611,,,0.8,,,0.653,,,,,,,,
Barbados,BRB,1992,0.732,,,0.614,,,0.802,,,0.657,,,,,,,,
Barbados,BRB,1993,0.735,,,0.617,,,0.804,,,0.661,,,,,,,,
Barbados,BRB,1994,0.74,,,0.62,,,0.809,,,0.666,,,,,,,,
Barbados,BRB,1995,0.744,,,0.625,,,0.812,,,0.67,,,,,,,,
Barbados,BRB,1996,0.748,,,0.631,,,0.818,,,0.676,,,,,,,,
Barbados,BRB,1997,0.752,,,0.636,,,0.824,,,0.683,,,,,,,,
Barbados,BRB,1998,0.754,,,0.641,,,0.829,,,0.688,,,,,,,,
Barbados,BRB,1999,0.756,,,0.646,,,0.832,,,0.692,,,,,,,,
Barbados,BRB,2000,0.762,,,0.651,,,0.838,,,0.697,,,,,,,,
Barbados,BRB,2001,0.763,,,0.657,,,0.843,,,0.702,,,,,,,,
Barbados,BRB,2002,0.767,,,0.662,,,0.847,,,0.706,,,,,,,,
Barbados,BRB,2003,0.771,,,0.669,,,0.852,,,0.711,,,,,,,,
Barbados,BRB,2004,0.775,,,0.675,,,0.857,,,0.717,,,,,,,,
Barbados,BRB,2005,0.779,,,0.681,,,0.861,,,0.723,,,,,,,,
Barbados,BRB,2006,0.783,,,0.688,,,0.866,,,0.729,,,,,,,,
Barbados,BRB,2007,0.79,,,0.694,,,0.87,,,0.736,,,,,,,,
Barbados,BRB,2008,0.794,,,0.698,,,0.872,,,0.742,,,,,,,,
Barbados,BRB,2009,0.798,,,0.701,,,0.874,,,0.743,,,,,,,,
Barbados,BRB,2010,0.797,,,0.707,,,0.879,,,0.747,,,,,,,,
Barbados,BRB,2011,0.794,,,0.713,,,0.883,,,0.753,,,,,,,,
Barbados,BRB,2012,0.797,,,0.717,,,0.886,,,0.758,,,,,,,,
Barbados,BRB,2013,0.798,,,0.721,,,0.892,,,0.762,,,,,,,,
Barbados,BRB,2014,0.799,,,0.726,,,0.895,,,0.765,,,,,,,,
Barbados,BRB,2015,0.8,,,0.731,,,0.898,,,0.767,,,,,,,,
Barbados,BRB,2016,0.803,,,0.735,,,0.9,,,0.769,,,,,,,,
Barbados,BRB,2017,0.804,,,0.739,,,0.903,,,0.772,,,,,,,,
Barbados,BRB,2018,0.806,,,0.741,,,0.906,,,0.774,,,,,,,,
Barbados,BRB,2019,0.808,,,0.745,,,0.909,,,0.776,,,,,,,,
Barbados,BRB,2020,0.803,0.811,,0.742,0.75,,0.901,0.913,,0.764,0.781,,,,,,,
Barbados,BRB,2021,0.803,0.814,,0.742,0.756,,0.903,0.917,,0.762,0.786,,,,,,,
Barbados,BRB,2022,0.807,0.817,,0.752,0.761,,0.908,0.921,,0.778,0.791,,,,,,,
Barbados,BRB,2023,0.811,0.819,0.811,0.756,0.766,0.756,0.914,0.926,0.914,0.783,0.796,0.783,0.811,very high,has,above,"Barbados HDI reached 0.811 in 2023, placing it in the very high human development category. The country has bounced back from the COVID-19 setback, with its development outcomes above pre-pandemic levels.",
Barbados,BRB,2024,,0.822,0.815,,0.772,0.76,,0.93,0.92,,0.801,0.788,,,,,,
Barbados,BRB,2025,,0.825,0.819,,0.777,0.764,,0.934,0.926,,0.806,0.793,,,,,,
Belize,BLZ,1990,0.617,,,0.608,,,0.797,,,0.648,,,,,,,,
Belize,BLZ,1991,0.626,,,0.611,,,0.8,,,0.653,,,,,,,,
Belize,BLZ,1992,0.634,,,0.614,,,0.802,,,0.657,,,,,,,,
Belize,BLZ,1993,0.64,,,0.617,,,0.804,,,0.661,,,,,,,,
Belize,BLZ,1994,0.643,,,0.62,,,0.809,,,0.666,,,,,,,,
Belize,BLZ,1995,0.647,,,0.625,,,0.812,,,0.67,,,,,,,,
Belize,BLZ,1996,0.65,,,0.631,,,0.818,,,0.676,,,,,,,,
Belize,BLZ,1997,0.654,,,0.636,,,0.824,,,0.683,,,,,,,,
Belize,BLZ,1998,0.657,,,0.641,,,0.829,,,0.688,,,,,,,,
Belize,BLZ,1999,0.664,,,0.646,,,0.832,,,0.692,,,,,,,,
Belize,BLZ,2000,0.671,,,0.651,,,0.838,,,0.697,,,,,,,,
Belize,BLZ,2001,0.676,,,0.657,,,0.843,,,0.702,,,,,,,,
Belize,BLZ,2002,0.686,,,0.662,,,0.847,,,0.706,,,,,,,,
Belize,BLZ,2003,0.696,,,0.669,,,0.852,,,0.711,,,,,,,,
Belize,BLZ,2004,0.703,,,0.675,,,0.857,,,0.717,,,,,,,,
Belize,BLZ,2005,0.7,,,0.681,,,0.861,,,0.723,,,,,,,,
Belize,BLZ,2006,0.713,,,0.688,,,0.866,,,0.729,,,,,,,,
Belize,BLZ,2007,0.718,,,0.694,,,0.87,,,0.736,,,,,,,,
Belize,BLZ,2008,0.72,,,0.698,,,0.872,,,0.742,,,,,,,,
Belize,BLZ,2009,0.724,,,0.701,,,0.874,,,0.743,,,,,,,,
Belize,BLZ,2010,0.727,,,0.707,,,0.879,,,0.747,,,,,,,,
Belize,BLZ,2011,0.725,,,0.713,,,0.883,,,0.753,,,,,,,,
Belize,BLZ,2012,0.727,,,0.717,,,0.886,,,0.758,,,,,,,,
Belize,BLZ,2013,0.724,,,0.721,,,0.892,,,0.762,,,,,,,,
Belize,BLZ,2014,0.721,,,0.726,,,0.895,,,0.765,,,,,,,,
Belize,BLZ,2015,0.721,,,0.731,,,0.898,,,0.767,,,,,,,,
Belize,BLZ,2016,0.727,,,0.735,,,0.9,,,0.769,,,,,,,,
Belize,BLZ,2017,0.722,,,0.739,,,0.903,,,0.772,,,,,,,,
Belize,BLZ,2018,0.723,,,0.741,,,0.906,,,0.774,,,,,,,,
Belize,BLZ,2019,0.725,,,0.745,,,0.909,,,0.776,,,,,,,,
Belize,BLZ,2020,0.713,0.729,,0.742,0.75,,0.901,0.913,,0.764,0.781,,,,,,,
Belize,BLZ,2021,0.713,0.733,,0.742,0.756,,0.903,0.917,,0.762,0.786,,,,,,,
Belize,BLZ,2022,0.717,0.737,,0.752,0.761,,0.908,0.921,,0.778,0.791,,,,,,,
Belize,BLZ,2023,0.721,0.741,0.721,0.756,0.766,0.756,0.914,0.926,0.914,0.783,0.796,0.783,0.721,high,has not,below,"Belize HDI reached 0.721 in 2023, placing it in the high human development category. The country has not bounced back from the COVID-19 setback, with its development outcomes below pre-pandemic levels.",
Belize,BLZ,2024,,0.746,0.725,,0.772,0.76,,0.93,0.92,,0.801,0.788,,,,,,
Belize,BLZ,2025,,0.75,0.729,,0.777,0.764,,0.934,0.926,,0.806,0.793,,,,,,
Bolivia,BOL,1990,0.552,,,0.608,,,0.797,,,0.648,,,,,,,,
Bolivia,BOL,1991,0.561,,,0.611,,,0.8,,,0.653,,,,,,,,
Bolivia,BOL,1992,0.568,,,0.614,,,0.802,,,0.657,,,,,,,,
Bolivia,BOL,1993,0.577,,,0.617,,,0.804,,,0.661,,,,,,,,
Bolivia,BOL,1994,0.586,,,0.62,,,0.809,,,0.666,,,,,,,,
Bolivia,BOL,1995,0.594,,,0.625,,,0.812,,,0.67,,,,,,,,
Bolivia,BOL,1996,0.602,,,0.631,,,0.818,,,0.676,,,,,,,,
Bolivia,BOL,1997,0.61,,,0.636,,,0.824,,,0.683,,,,,,,,
Bolivia,BOL,1998,0.618,,,0.641,,,0.829,,,0.688,,,,,,,,
Bolivia,BOL,1999,0.624,,,0.646,,,0.832,,,0.692,,,,,,,,
Bolivia,BOL,2000,0.63,,,0.651,,,0.838,,,0.697,,,,,,,,
Bolivia,BOL,2001,0.639,,,0.657,,,0.843,,,0.702,,,,,,,,
Bolivia,BOL,2002,0.642,,,0.662,,,0.847,,,0.706,,,,,,,,
Bolivia,BOL,2003,0.645,,,0.669,,,0.852,,,0.711,,,,,,,,
Bolivia,BOL,2004,0.648,,,0.675,,,0.857,,,0.717,,,,,,,,
Bolivia,BOL,2005,0.658,,,0.681,,,0.861,,,0.723,,,,,,,,
Bolivia,BOL,2006,0.656,,,0.688,,,0.866,,,0.729,,,,,,,,
Bolivia,BOL,2007,0.664,,,0.694,,,0.87,,,0.736,,,,,,,,
Bolivia,BOL,2008,0.668,,,0.698,,,0.872,,,0.742,,,,,,,,
Bolivia,BOL,2009,0.671,,,0.701,,,0.874,,,0.743,,,,,,,,
Bolivia,BOL,2010,0.677,,,0.707,,,0.879,,,0.747,,,,,,,,
Bolivia,BOL,2011,0.683,,,0.713,,,0.883,,,0.753,,,,,,,,
Bolivia,BOL,2012,0.685,,,0.717,,,0.886,,,0.758,,,,,,,,
Bolivia,BOL,2013,0.699,,,0.721,,,0.892,,,0.762,,,,,,,,
Bolivia,BOL,2014,0.701,,,0.726,,,0.895,,,0.765,,,,,,,,
Bolivia,BOL,2015,0.704,,,0.731,,,0.898,,,0.767,,,,,,,,
Bolivia,BOL,2016,0.714,,,0.735,,,0.9,,,0.769,,,,,,,,
Bolivia,BOL,2017,0.715,,,0.739,,,0.903,,,0.772,,,,,,,,
Bolivia,BOL,2018,0.722,,,0.741,,,0.906,,,0.774,,,,,,,,
Bolivia,BOL,2019,0.728,,,0.745,,,0.909,,,0.776,,,,,,,,
Bolivia,BOL,2020,0.697,0.735,,0.742,0.75,,0.901,0.913,,0.764,0.781,,,,,,,
Bolivia,BOL,2021,0.693,0.742,,0.742,0.756,,0.903,0.917,,0.762,0.786,,,,,,,
Bolivia,BOL,2022,0.727,0.749,,0.752,0.761,,0.908,0.921,,0.778,0.791,,,,,,,
Bolivia,BOL,2023,0.733,0.756,0.733,0.756,0.766,0.756,0.914,0.926,0.914,0.783,0.796,0.783,0.733,high,has,above,"Bolivia HDI reached 0.733 in 2023, placing it in the high human development category. The country has bounced back from the COVID-19 setback, with its development outcomes above pre-pandemic levels.",
Bolivia,BOL,2024,,0.764,0.739,,0.772,0.76,,0.93,0.92,,0.801,0.788,,,,,,
Bolivia,BOL,2025,,0.771,0.745,,0.777,0.764,,0.934,0.926,,0.806,0.793,,,,,,
Brazil,BRA,1990,0.641,,,0.608,,,0.797,,,0.648,,,,,,,,
Brazil,BRA,1991,0.645,,,0.611,,,0.8,,,0.653,,,,,,,,
Brazil,BRA,1992,0.648,,,0.614,,,0.802,,,0.657,,,,,,,,
Brazil,BRA,1993,0.654,,,0.617,,,0.804,,,0.661,,,,,,,,
Brazil,BRA,1994,0.659,,,0.62,,,0.809,,,0.666,,,,,,,,
Brazil,BRA,1995,0.666,,,0.625,,,0.812,,,0.67,,,,,,,,
Brazil,BRA,1996,0.671,,,0.631,,,0.818,,,0.676,,,,,,,,
Brazil,BRA,1997,0.676,,,0.636,,,0.824,,,0.683,,,,,,,,
Brazil,BRA,1998,0.68,,,0.641,,,0.829,,,0.688,,,,,,,,
Brazil,BRA,1999,0.684,,,0.646,,,0.832,,,0.692,,,,,,,,
Brazil,BRA,2000,0.69,,,0.651,,,0.838,,,0.697,,,,,,,,
Brazil,BRA,2001,0.694,,,0.657,,,0.843,,,0.702,,,,,,,,
Brazil,BRA,2002,0.7,,,0.662,,,0.847,,,0.706,,,,,,,,
Brazil,BRA,2003,0.705,,,0.669,,,0.852,,,0.711,,,,,,,,
Brazil,BRA,2004,0.712,,,0.675,,,0.857,,,0.717,,,,,,,,
Brazil,BRA,2005,0.718,,,0.681,,,0.861,,,0.723,,,,,,,,
Brazil,BRA,2006,0.725,,,0.688,,,0.866,,,0.729,,,,,,,,
Brazil,BRA,2007,0.732,,,0.694,,,0.87,,,0.736,,,,,,,,
Brazil,BRA,2008,0.739,,,0.698,,,0.872,,,0.742,,,,,,,,
Brazil,BRA,2009,0.742,,,0.701,,,0.874,,,0.743,,,,,,,,
Brazil,BRA,2010,0.748,,,0.707,,,0.879,,,0.747,,,,,,,,
Brazil,BRA,2011,0.753,,,0.713,,,0.883,,,0.753,,,,,,,,
Brazil,BRA,2012,0.758,,,0.717,,,0.886,,,0.758,,,,,,,,
Brazil,BRA,2013,0.762,,,0.721,,,0.892,,,0.762,,,,,,,,
Brazil,BRA,2014,0.765,,,0.726,,,0.895,,,0.765,,,,,,,,
Brazil,BRA,2015,0.764,,,0.731,,,0.898,,,0.767,,,,,,,,
Brazil,BRA,2016,0.765,,,0.735,,,0.9,,,0.769,,,,,,,,
Brazil,BRA,2017,0.77,,,0.739,,,0.903,,,0.772,,,,,,,,
Brazil,BRA,2018,0.774,,,0.741,,,0.906,,,0.774,,,,,,,,
Brazil,BRA,2019,0.776,,,0.745,,,0.909,,,0.776,,,,,,,,
Brazil,BRA,2020,0.77,0.781,,0.742,0.75,,0.901,0.913,,0.764,0.781,,,,,,,
Brazil,BRA,2021,0.768,0.786,,0.742,0.756,,0.903,0.917,,0.762,0.786,,,,,,,
Brazil,BRA,2022,0.78,0.792,,0.752,0.761,,0.908,0.921,,0.778,0.791,,,,,,,
Brazil,BRA,2023,0.786,0.797,0.786,0.756,0.766,0.756,0.914,0.926,0.914,0.783,0.796,0.783,0.786,high,has,above,"Brazil HDI reached 0.786 in 2023, placing it in the high human development category. The country has bounced back from the COVID-19 setback, with its development outcomes above pre-pandemic levels.",
Brazil,BRA,2024,,0.802,0.792,,0.772,0.76,,0.93,0.92,,0.801,0.788,,,,,,
Brazil,BRA,2025,,0.807,0.798,,0.777,0.764,,0.934,0.926,,0.806,0.793,,,,,,
Chile,CHL,1990,0.718,,,0.608,,,0.797,,,0.648,,,,,,,,
Chile,CHL,1991,0.723,,,0.611,,,0.8,,,0.653,,,,,,,,
Chile,CHL,1992,0.73,,,0.614,,,0.802,,,0.657,,,,,,,,
Chile,CHL,1993,0.725,,,0.617,,,0.804,,,0.661,,,,,,,,
Chile,CHL,1994,0.73,,,0.62,,,0.809,,,0.666,,,,,,,,
Chile,CHL,1995,0.739,,,0.625,,,0.812,,,0.67,,,,,,,,
Chile,CHL,1996,0.745,,,0.631,,,0.818,,,0.676,,,,,,,,
Chile,CHL,1997,0.752,,,0.636,,,0.824,,,0.683,,,,,,,,
Chile,CHL,1998,0.759,,,0.641,,,0.829,,,0.688,,,,,,,,
Chile,CHL,1999,0.766,,,0.646,,,0.832,,,0.692,,,,,,,,
Chile,CHL,2000,0.771,,,0.651,,,0.838,,,0.697,,,,,,,,
Chile,CHL,2001,0.778,,,0.657,,,0.843,,,0.702,,,,,,,,
Chile,CHL,2002,0.784,,,0.662,,,0.847,,,0.706,,,,,,,,
Chile,CHL,2003,0.789,,,0.669,,,0.852,,,0.711,,,,,,,,
Chile,CHL,2004,0.797,,,0.675,,,0.857,,,0.717,,,,,,,,
Chile,CHL,2005,0.804,,,0.681,,,0.861,,,0.723,,,,,,,,
Chile,CHL,2006,0.804,,,0.688,,,0.866,,,0.729,,,,,,,,
Chile,CHL,2007,0.812,,,0.694,,,0.87,,,0.736,,,,,,,,
Chile,CHL,2008,0.82,,,0.698,,,0.872,,,0.742,,,,,,,,
Chile,CHL,2009,0.819,,,0.701,,,0.874,,,0.743,,,,,,,,
Chile,CHL,2010,0.823,,,0.707,,,0.879,,,0.747,,,,,,,,
Chile,CHL,2011,0.823,,,0.713,,,0.883,,,0.753,,,,,,,,
Chile,CHL,2012,0.832,,,0.717,,,0.886,,,0.758,,,,,,,,
Chile,CHL,2013,0.845,,,0.721,,,0.892,,,0.762,,,,,,,,
Chile,CHL,2014,0.849,,,0.726,,,0.895,,,0.765,,,,,,,,
Chile,CHL,2015,0.855,,,0.731,,,0.898,,,0.767,,,,,,,,
Chile,CHL,2016,0.859,,,0.735,,,0.9,,,0.769,,,,,,,,
Chile,CHL,2017,0.862,,,0.739,,,0.903,,,0.772,,,,,,,,
Chile,CHL,2018,0.866,,,0.741,,,0.906,,,0.774,,,,,,,,
Chile,CHL,2019,0.867,,,0.745,,,0.909,,,0.776,,,,,,,,
Chile,CHL,2020,0.856,0.873,,0.742,0.75,,0.901,0.913,,0.764,0.781,,,,,,,
Chile,CHL,2021,0.865,0.878,,0.742,0.756,,0.903,0.917,,0.762,0.786,,,,,,,
Chile,CHL,2022,0.869,0.884,,0.752,0.761,,0.908,0.921,,0.778,0.791,,,,,,,
Chile,CHL,2023,0.878,0.89,0.878,0.756,0.766,0.756,0.914,0.926,0.914,0.783,0.796,0.783,0.878,very high,has,above,"Chile HDI reached 0.878 in 2023, placing it in the very high human development category. The country has bounced back from the COVID-19 setback, with its development outcomes above pre-pandemic levels.",
Chile,CHL,2024,,0.896,0.887,,0.772,0.76,,0.93,0.92,,0.801,0.788,,,,,,
Chile,CHL,2025,,0.902,0.896,,0.777,0.764,,0.934,0.926,,0.806,0.793,,,,,,
Colombia,COL,1990,0.623,,,0.608,,,0.797,,,0.648,,,,,,,,
Colombia,COL,1991,0.63,,,0.611,,,0.8,,,0.653,,,,,,,,
Colombia,COL,1992,0.639,,,0.614,,,0.802,,,0.657,,,,,,,,
Colombia,COL,1993,0.645,,,0.617,,,0.804,,,0.661,,,,,,,,
Colombia,COL,1994,0.65,,,0.62,,,0.809,,,0.666,,,,,,,,
Colombia,COL,1995,0.655,,,0.625,,,0.812,,,0.67,,,,,,,,
Colombia,COL,1996,0.663,,,0.631,,,0.818,,,0.676,,,,,,,,
Colombia,COL,1997,0.67,,,0.636,,,0.824,,,0.683,,,,,,,,
Colombia,COL,1998,0.676,,,0.641,,,0.829,,,0.688,,,,,,,,
Colombia,COL,1999,0.673,,,0.646,,,0.832,,,0.692,,,,,,,,
Colombia,COL,2000,0.679,,,0.651,,,0.838,,,0.697,,,,,,,,
Colombia,COL,2001,0.681,,,0.657,,,0.843,,,0.702,,,,,,,,
Colombia,COL,2002,0.684,,,0.662,,,0.847,,,0.706,,,,,,,,
Colombia,COL,2003,0.691,,,0.669,,,0.852,,,0.711,,,,,,,,
Colombia,COL,2004,0.699,,,0.675,,,0.857,,,0.717,,,,,,,,
Colombia,COL,2005,0.711,,,0.681,,,0.861,,,0.723,,,,,,,,
Colombia,COL,2006,0.712,,,0.688,,,0.866,,,0.729,,,,,,,,
Colombia,COL,2007,0.724,,,0.694,,,0.87,,,0.736,,,,,,,,
Colombia,COL,2008,0.731,,,0.698,,,0.872,,,0.742,,,,,,,,
Colombia,COL,2009,0.736,,,0.701,,,0.874,,,0.743,,,,,,,,
Colombia,COL,2010,0.741,,,0.707,,,0.879,,,0.747,,,,,,,,
Colombia,COL,2011,0.747,,,0.713,,,0.883,,,0.753,,,,,,,,
Colombia,COL,2012,0.748,,,0.717,,,0.886,,,0.758,,,,,,,,
Colombia,COL,2013,0.76,,,0.721,,,0.892,,,0.762,,,,,,,,
Colombia,COL,2014,0.763,,,0.726,,,0.895,,,0.765,,,,,,,,
Colombia,COL,2015,0.767,,,0.731,,,0.898,,,0.767,,,,,,,,
Colombia,COL,2016,0.772,,,0.735,,,0.9,,,0.769,,,,,,,,
Colombia,COL,2017,0.774,,,0.739,,,0.903,,,0.772,,,,,,,,
Colombia,COL,2018,0.775,,,0.741,,,0.906,,,0.774,,,,,,,,
Colombia,COL,2019,0.777,,,0.745,,,0.909,,,0.776,,,,,,,,
Colombia,COL,2020,0.764,0.783,,0.742,0.75,,0.901,0.913,,0.764,0.781,,,,,,,
Colombia,COL,2021,0.762,0.789,,0.742,0.756,,0.903,0.917,,0.762,0.786,,,,,,,
Colombia,COL,2022,0.782,0.795,,0.752,0.761,,0.908,0.921,,0.778,0.791,,,,,,,
Colombia,COL,2023,0.788,0.801,0.788,0.756,0.766,0.756,0.914,0.926,0.914,0.783,0.796,0.783,0.788,high,has,above,"Colombia HDI reached 0.788 in 2023, placing it in the high human development category. The country has bounced back from the COVID-19 setback, with its development outcomes above pre-pandemic levels.",
Colombia,COL,2024,,0.807,0.794,,0.772,0.76,,0.93,0.92,,0.801,0.788,,,,,,
Colombia,COL,2025,,0.813,0.8,,0.777,0.764,,0.934,0.926,,0.806,0.793,,,,,,
Costa Rica,CRI,1990,0.677,,,0.608,,,0.797,,,0.648,,,,,,,,
Costa Rica,CRI,1991,0.682,,,0.611,,,0.8,,,0.653,,,,,,,,
Costa Rica,CRI,1992,0.691,,,0.614,,,0.802,,,0.657,,,,,,,,
Costa Rica,CRI,1993,0.696,,,0.617,,,0.804,,,0.661,,,,,,,,
Costa Rica,CRI,1994,0.701,,,0.62,,,0.809,,,0.666,,,,,,,,
Costa Rica,CRI,1995,0.706,,,0.625,,,0.812,,,0.67,,,,,,,,
Costa Rica,CRI,1996,0.707,,,0.631,,,0.818,,,0.676,,,,,,,,
Costa Rica,CRI,1997,0.712,,,0.636,,,0.824,,,0.683,,,,,,,,
Costa Rica,CRI,1998,0.714,,,0.641,,,0.829,,,0.688,,,,,,,,
Costa Rica,CRI,1999,0.717,,,0.646,,,0.832,,,0.692,,,,,,,,
Costa Rica,CRI,2000,0.72,,,0.651,,,0.838,,,0.697,,,,,,,,
Costa Rica,CRI,2001,0.726,,,0.657,,,0.843,,,0.702,,,,,,,,
Costa Rica,CRI,2002,0.73,,,0.662,,,0.847,,,0.706,,,,,,,,
Costa Rica,CRI,2003,0.736,,,0.669,,,0.852,,,0.711,,,,,,,,
Costa Rica,CRI,2004,0.741,,,0.675,,,0.857,,,0.717,,,,,,,,
Costa Rica,CRI,2005,0.748,,,0.681,,,0.861,,,0.723,,,,,,,,
Costa Rica,CRI,2006,0.755,,,0.688,,,0.866,,,0.729,,,,,,,,
Costa Rica,CRI,2007,0.76,,,0.694,,,0.87,,,0.736,,,,,,,,
Costa Rica,CRI,2008,0.769,,,0.698,,,0.872,,,0.742,,,,,,,,
Costa Rica,CRI,2009,0.773,,,0.701,,,0.874,,,0.743,,,,,,,,
Costa Rica,CRI,2010,0.776,,,0.707,,,0.879,,,0.747,,,,,,,,
Costa Rica,CRI,2011,0.783,,,0.713,,,0.883,,,0.753,,,,,,,,
Costa Rica,CRI,2012,0.789,,,0.717,,,0.886,,,0.758,,,,,,,,
Costa Rica,CRI,2013,0.795,,,0.721,,,0.892,,,0.762,,,,,,,,
Costa Rica,CRI,2014,0.802,,,0.726,,,0.895,,,0.765,,,,,,,,
Costa Rica,CRI,2015,0.803,,,0.731,,,0.898,,,0.767,,,,,,,,
Costa Rica,CRI,2016,0.805,,,0.735,,,0.9,,,0.769,,,,,,,,
Costa Rica,CRI,2017,0.809,,,0.739,,,0.903,,,0.772,,,,,,,,
Costa Rica,CRI,2018,0.813,,,0.741,,,0.906,,,0.774,,,,,,,,
Costa Rica,CRI,2019,0.821,,,0.745,,,0.909,,,0.776,,,,,,,,
Costa Rica,CRI,2020,0.819,0.826,,0.742,0.75,,0.901,0.913,,0.764,0.781,,,,,,,
Costa Rica,CRI,2021,0.817,0.832,,0.742,0.756,,0.903,0.917,,0.762,0.786,,,,,,,
Costa Rica,CRI,2022,0.823,0.838,,0.752,0.761,,0.908,0.921,,0.778,0.791,,,,,,,
Costa Rica,CRI,2023,0.833,0.843,0.833,0.756,0.766,0.756,0.914,0.926,0.914,0.783,0.796,0.783,0.833,very high,has,above,"Costa Rica HDI reached 0.833 in 2023, placing it in the very high human development category. The country has bounced back from the COVID-19 setback, with its development outcomes above pre-pandemic levels.",
Costa Rica,CRI,2024,,0.849,0.843,,0.772,0.76,,0.93,0.92,,0.801,0.788,,,,,,
Costa Rica,CRI,2025,,0.854,0.853,,0.777,0.764,,0.934,0.926,,0.806,0.793,,,,,,
Cuba,CUB,1990,0.687,,,0.608,,,0.797,,,0.648,,,,,,,,
Cuba,CUB,1991,0.681,,,0.611,,,0.8,,,0.653,,,,,,,,
Cuba,CUB,1992,0.674,,,0.614,,,0.802,,,0.657,,,,,,,,
Cuba,CUB,1993,0.665,,,0.617,,,0.804,,,0.661,,,,,,,,
Cuba,CUB,1994,0.662,,,0.62,,,0.809,,,0.666,,,,,,,,
Cuba,CUB,1995,0.664,,,0.625,,,0.812,,,0.67,,,,,,,,
Cuba,CUB,1996,0.675,,,0.631,,,0.818,,,0.676,,,,,,,,
Cuba,CUB,1997,0.679,,,0.636,,,0.824,,,0.683,,,,,,,,
Cuba,CUB,1998,0.683,,,0.641,,,0.829,,,0.688,,,,,,,,
Cuba,CUB,1999,0.69,,,0.646,,,0.832,,,0.692,,,,,,,,
Cuba,CUB,2000,0.697,,,0.651,,,0.838,,,0.697,,,,,,,,
Cuba,CUB,2001,0.705,,,0.657,,,0.843,,,0.702,,,,,,,,
Cuba,CUB,2002,0.711,,,0.662,,,0.847,,,0.706,,,,,,,,
Cuba,CUB,2003,0.721,,,0.669,,,0.852,,,0.711,,,,,,,,
Cuba,CUB,2004,0.734,,,0.675,,,0.857,,,0.717,,,,,,,,
Cuba,CUB,2005,0.747,,,0.681,,,0.861,,,0.723,,,,,,,,
Cuba,CUB,2006,0.766,,,0.688,,,0.866,,,0.729,,,,,,,,
Cuba,CUB,2007,0.78,,,0.694,,,0.87,,,0.736,,,,,,,,
Cuba,CUB,2008,0.788,,,0.698,,,0.872,,,0.742,,,,,,,,
Cuba,CUB,2009,0.788,,,0.701,,,0.874,,,0.743,,,,,,,,
Cuba,CUB,2010,0.783,,,0.707,,,0.879,,,0.747,,,,,,,,
Cuba,CUB,2011,0.781,,,0.713,,,0.883,,,0.753,,,,,,,,
Cuba,CUB,2012,0.777,,,0.717,,,0.886,,,0.758,,,,,,,,
Cuba,CUB,2013,0.771,,,0.721,,,0.892,,,0.762,,,,,,,,
Cuba,CUB,2014,0.77,,,0.726,,,0.895,,,0.765,,,,,,,,
Cuba,CUB,2015,0.769,,,0.731,,,0.898,,,0.767,,,,,,,,
Cuba,CUB,2016,0.767,,,0.735,,,0.9,,,0.769,,,,,,,,
Cuba,CUB,2017,0.767,,,0.739,,,0.903,,,0.772,,,,,,,,
Cuba,CUB,2018,0.769,,,0.741,,,0.906,,,0.774,,,,,,,,
Cuba,CUB,2019,0.769,,,0.745,,,0.909,,,0.776,,,,,,,,
Cuba,CUB,2020,0.762,0.772,,0.742,0.75,,0.901,0.913,,0.764,0.781,,,,,,,
Cuba,CUB,2021,0.745,0.775,,0.742,0.756,,0.903,0.917,,0.762,0.786,,,,,,,
Cuba,CUB,2022,0.764,0.778,,0.752,0.761,,0.908,0.921,,0.778,0.791,,,,,,,
Cuba,CUB,2023,0.762,0.781,0.762,0.756,0.766,0.756,0.914,0.926,0.914,0.783,0.796,0.783,0.762,high,has not,below,"Cuba HDI reached 0.762 in 2023, placing it in the high human development category. The country has not bounced back from the COVID-19 setback, with its development outcomes below pre-pandemic levels.",
Cuba,CUB,2024,,0.784,0.76,,0.772,0.76,,0.93,0.92,,0.801,0.788,,,,,,
Cuba,CUB,2025,,0.787,0.758,,0.777,0.764,,0.934,0.926,,0.806,0.793,,,,,,
Dominica,DMA,1990,,,,0.608,,,0.797,,,0.648,,,,,,,,
Dominica,DMA,1991,,,,0.611,,,0.8,,,0.653,,,,,,,,
Dominica,DMA,1992,,,,0.614,,,0.802,,,0.657,,,,,,,,
Dominica,DMA,1993,,,,0.617,,,0.804,,,0.661,,,,,,,,
Dominica,DMA,1994,,,,0.62,,,0.809,,,0.666,,,,,,,,
Dominica,DMA,1995,,,,0.625,,,0.812,,,0.67,,,,,,,,
Dominica,DMA,1996,,,,0.631,,,0.818,,,0.676,,,,,,,,
Dominica,DMA,1997,,,,0.636,,,0.824,,,0.683,,,,,,,,
Dominica,DMA,1998,,,,0.641,,,0.829,,,0.688,,,,,,,,
Dominica,DMA,1999,,,,0.646,,,0.832,,,0.692,,,,,,,,
Dominica,DMA,2000,0.721,,,0.651,,,0.838,,,0.697,,,,,,,,
Dominica,DMA,2001,0.725,,,0.657,,,0.843,,,0.702,,,,,,,,
Dominica,DMA,2002,0.724,,,0.662,,,0.847,,,0.706,,,,,,,,
Dominica,DMA,2003,0.728,,,0.669,,,0.852,,,0.711,,,,,,,,
Dominica,DMA,2004,0.73,,,0.675,,,0.857,,,0.717,,,,,,,,
Dominica,DMA,2005,0.732,,,0.681,,,0.861,,,0.723,,,,,,,,
Dominica,DMA,2006,0.737,,,0.688,,,0.866,,,0.729,,,,,,,,
Dominica,DMA,2007,0.74,,,0.694,,,0.87,,,0.736,,,,,,,,
Dominica,DMA,2008,0.745,,,0.698,,,0.872,,,0.742,,,,,,,,
Dominica,DMA,2009,0.746,,,0.701,,,0.874,,,0.743,,,,,,,,
Dominica,DMA,2010,0.747,,,0.707,,,0.879,,,0.747,,,,,,,,
Dominica,DMA,2011,0.745,,,0.713,,,0.883,,,0.753,,,,,,,,
Dominica,DMA,2012,0.745,,,0.717,,,0.886,,,0.758,,,,,,,,
Dominica,DMA,2013,0.745,,,0.721,,,0.892,,,0.762,,,,,,,,
Dominica,DMA,2014,0.748,,,0.726,,,0.895,,,0.765,,,,,,,,
Dominica,DMA,2015,0.741,,,0.731,,,0.898,,,0.767,,,,,,,,
Dominica,DMA,2016,0.751,,,0.735,,,0.9,,,0.769,,,,,,,,
Dominica,DMA,2017,0.735,,,0.739,,,0.903,,,0.772,,,,,,,,
Dominica,DMA,2018,0.755,,,0.741,,,0.906,,,0.774,,,,,,,,
Dominica,DMA,2019,0.758,,,0.745,,,0.909,,,0.776,,,,,,,,
Dominica,DMA,2020,0.753,0.76,,0.742,0.75,,0.901,0.913,,0.764,0.781,,,,,,,
Dominica,DMA,2021,0.749,0.762,,0.742,0.756,,0.903,0.917,,0.762,0.786,,,,,,,
Dominica,DMA,2022,0.759,0.764,,0.752,0.761,,0.908,0.921,,0.778,0.791,,,,,,,
Dominica,DMA,2023,0.761,0.766,0.761,0.756,0.766,0.756,0.914,0.926,0.914,0.783,0.796,0.783,0.761,high,has,above,"Dominica HDI reached 0.761 in 2023, placing it in the high human development category. The country has bounced back from the COVID-19 setback, with its development outcomes above pre-pandemic levels.",
Dominica,DMA,2024,,0.768,0.763,,0.772,0.76,,0.93,0.92,,0.801,0.788,,,,,,
Dominica,DMA,2025,,0.77,0.765,,0.777,0.764,,0.934,0.926,,0.806,0.793,,,,,,
Dominican Republic,DOM,1990,0.589,,,0.608,,,0.797,,,0.648,,,,,,,,
Dominican Republic,DOM,1991,0.594,,,0.611,,,0.8,,,0.653,,,,,,,,
Dominican Republic,DOM,1992,0.604,,,0.614,,,0.802,,,0.657,,,,,,,,
Dominican Republic,DOM,1993,0.611,,,0.617,,,0.804,,,0.661,,,,,,,,
Dominican Republic,DOM,1994,0.617,,,0.62,,,0.809,,,0.666,,,,,,,,
Dominican Republic,DOM,1995,0.624,,,0.625,,,0.812,,,0.67,,,,,,,,
Dominican Republic,DOM,1996,0.631,,,0.631,,,0.818,,,0.676,,,,,,,,
Dominican Republic,DOM,1997,0.639,,,0.636,,,0.824,,,0.683,,,,,,,,
Dominican Republic,DOM,1998,0.645,,,0.641,,,0.829,,,0.688,,,,,,,,
Dominican Republic,DOM,1999,0.652,,,0.646,,,0.832,,,0.692,,,,,,,,
Dominican Republic,DOM,2000,0.658,,,0.651,,,0.838,,,0.697,,,,,,,,
Dominican Republic,DOM,2001,0.663,,,0.657,,,0.843,,,0.702,,,,,,,,
Dominican Republic,DOM,2002,0.668,,,0.662,,,0.847,,,0.706,,,,,,,,
Dominican Republic,DOM,2003,0.67,,,0.669,,,0.852,,,0.711,,,,,,,,
Dominican Republic,DOM,2004,0.673,,,0.675,,,0.857,,,0.717,,,,,,,,
Dominican Republic,DOM,2005,0.683,,,0.681,,,0.861,,,0.723,,,,,,,,
Dominican Republic,DOM,2006,0.691,,,0.688,,,0.866,,,0.729,,,,,,,,
Dominican Republic,DOM,2007,0.698,,,0.694,,,0.87,,,0.736,,,,,,,,
Dominican Republic,DOM,2008,0.704,,,0.698,,,0.872,,,0.742,,,,,,,,
Dominican Republic,DOM,2009,0.707,,,0.701,,,0.874,,,0.743,,,,,,,,
Dominican Republic,DOM,2010,0.715,,,0.707,,,0.879,,,0.747,,,,,,,,
Dominican Republic,DOM,2011,0.721,,,0.713,,,0.883,,,0.753,,,,,,,,
Dominican Republic,DOM,2012,0.727,,,0.717,,,0.886,,,0.758,,,,,,,,
Dominican Republic,DOM,2013,0.731,,,0.721,,,0.892,,,0.762,,,,,,,,
Dominican Republic,DOM,2014,0.737,,,0.726,,,0.895,,,0.765,,,,,,,,
Dominican Republic,DOM,2015,0.747,,,0.731,,,0.898,,,0.767,,,,,,,,
Dominican Republic,DOM,2016,0.766,,,0.735,,,0.9,,,0.769,,,,,,,,
Dominican Republic,DOM,2017,0.77,,,0.739,,,0.903,,,0.772,,,,,,,,
Dominican Republic,DOM,2018,0.773,,,0.741,,,0.906,,,0.774,,,,,,,,
Dominican Republic,DOM,2019,0.771,,,0.745,,,0.909,,,0.776,,,,,,,,
Dominican Republic,DOM,2020,0.767,0.778,,0.742,0.75,,0.901,0.913,,0.764,0.781,,,,,,,
Dominican Republic,DOM,2021,0.762,0.785,,0.742,0.756,,0.903,0.917,,0.762,0.786,,,,,,,
Dominican Republic,DOM,2022,0.778,0.793,,0.752,0.761,,0.908,0.921,,0.778,0.791,,,,,,,
Dominican Republic,DOM,2023,0.776,0.8,0.776,0.756,0.766,0.756,0.914,0.926,0.914,0.783,0.796,0.783,0.776,high,has,above,"Dominican Republic HDI reached 0.776 in 2023, placing it in the high human development category. The country has bounced back from the COVID-19 setback, with its development outcomes above pre-pandemic levels.",
Dominican Republic,DOM,2024,,0.808,0.774,,0.772,0.76,,0.93,0.92,,0.801,0.788,,,,,,
Dominican Republic,DOM,2025,,0.815,0.772,,0.777,0.764,,0.934,0.926,,0.806,0.793,,,,,,
Ecuador,ECU,1990,0.646,,,0.608,,,0.797,,,0.648,,,,,,,,
Ecuador,ECU,1991,0.649,,,0.611,,,0.8,,,0.653,,,,,,,,
Ecuador,ECU,1992,0.654,,,0.614,,,0.802,,,0.657,,,,,,,,
Ecuador,ECU,1993,0.66,,,0.617,,,0.804,,,0.661,,,,,,,,
Ecuador,ECU,1994,0.667,,,0.62,,,0.809,,,0.666,,,,,,,,
Ecuador,ECU,1995,0.672,,,0.625,,,0.812,,,0.67,,,,,,,,
Ecuador,ECU,1996,0.677,,,0.631,,,0.818,,,0.676,,,,,,,,
Ecuador,ECU,1997,0.682,,,0.636,,,0.824,,,0.683,,,,,,,,
Ecuador,ECU,1998,0.684,,,0.641,,,0.829,,,0.688,,,,,,,,
Ecuador,ECU,1999,0.682,,,0.646,,,0.832,,,0.692,,,,,,,,
Ecuador,ECU,2000,0.683,,,0.651,,,0.838,,,0.697,,,,,,,,
Ecuador,ECU,2001,0.691,,,0.657,,,0.843,,,0.702,,,,,,,,
Ecuador,ECU,2002,0.698,,,0.662,,,0.847,,,0.706,,,,,,,,
Ecuador,ECU,2003,0.703,,,0.669,,,0.852,,,0.711,,,,,,,,
Ecuador,ECU,2004,0.709,,,0.675,,,0.857,,,0.717,,,,,,,,
Ecuador,ECU,2005,0.714,,,0.681,,,0.861,,,0.723,,,,,,,,
Ecuador,ECU,2006,0.718,,,0.688,,,0.866,,,0.729,,,,,,,,
Ecuador,ECU,2007,0.722,,,0.694,,,0.87,,,0.736,,,,,,,,
Ecuador,ECU,2008,0.729,,,0.698,,,0.872,,,0.742,,,,,,,,
Ecuador,ECU,2009,0.731,,,0.701,,,0.874,,,0.743,,,,,,,,
Ecuador,ECU,2010,0.737,,,0.707,,,0.879,,,0.747,,,,,,,,
Ecuador,ECU,2011,0.743,,,0.713,,,0.883,,,0.753,,,,,,,,
Ecuador,ECU,2012,0.75,,,0.717,,,0.886,,,0.758,,,,,,,,
Ecuador,ECU,2013,0.755,,,0.721,,,0.892,,,0.762,,,,,,,,
Ecuador,ECU,2014,0.76,,,0.726,,,0.895,,,0.765,,,,,,,,
Ecuador,ECU,2015,0.764,,,0.731,,,0.898,,,0.767,,,,,,,,
Ecuador,ECU,2016,0.761,,,0.735,,,0.9,,,0.769,,,,,,,,
Ecuador,ECU,2017,0.764,,,0.739,,,0.903,,,0.772,,,,,,,,
Ecuador,ECU,2018,0.767,,,0.741,,,0.906,,,0.774,,,,,,,,
Ecuador,ECU,2019,0.765,,,0.745,,,0.909,,,0.776,,,,,,,,
Ecuador,ECU,2020,0.74,0.769,,0.742,0.75,,0.901,0.913,,0.764,0.781,,,,,,,
Ecuador,ECU,2021,0.753,0.774,,0.742,0.756,,0.903,0.917,,0.762,0.786,,,,,,,
Ecuador,ECU,2022,0.773,0.779,,0.752,0.761,,0.908,0.921,,0.778,0.791,,,,,,,
Ecuador,ECU,2023,0.777,0.783,0.777,0.756,0.766,0.756,0.914,0.926,0.914,0.783,0.796,0.783,0.777,high,has,above,"Ecuador HDI reached 0.777 in 2023, placing it in the high human development category. The country has bounced back from the COVID-19 setback, with its development outcomes above pre-pandemic levels.",
Ecuador,ECU,2024,,0.788,0.781,,0.772,0.76,,0.93,0.92,,0.801,0.788,,,,,,
Ecuador,ECU,2025,,0.792,0.785,,0.777,0.764,,0.934,0.926,,0.806,0.793,,,,,,
El Salvador,SLV,1990,0.523,,,0.608,,,0.797,,,0.648,,,,,,,,
El Salvador,SLV,1991,0.529,,,0.611,,,0.8,,,0.653,,,,,,,,
El Salvador,SLV,1992,0.538,,,0.614,,,0.802,,,0.657,,,,,,,,
El Salvador,SLV,1993,0.548,,,0.617,,,0.804,,,0.661,,,,,,,,
El Salvador,SLV,1994,0.558,,,0.62,,,0.809,,,0.666,,,,,,,,
El Salvador,SLV,1995,0.567,,,0.625,,,0.812,,,0.67,,,,,,,,
El Salvador,SLV,1996,0.576,,,0.631,,,0.818,,,0.676,,,,,,,,
El Salvador,SLV,1997,0.586,,,0.636,,,0.824,,,0.683,,,,,,,,
El Salvador,SLV,1998,0.594,,,0.641,,,0.829,,,0.688,,,,,,,,
El Salvador,SLV,1999,0.598,,,0.646,,,0.832,,,0.692,,,,,,,,
El Salvador,SLV,2000,0.607,,,0.651,,,0.838,,,0.697,,,,,,,,
El Salvador,SLV,2001,0.612,,,0.657,,,0.843,,,0.702,,,,,,,,
El Salvador,SLV,2002,0.621,,,0.662,,,0.847,,,0.706,,,,,,,,
El Salvador,SLV,2003,0.628,,,0.669,,,0.852,,,0.711,,,,,,,,
El Salvador,SLV,2004,0.636,,,0.675,,,0.857,,,0.717,,,,,,,,
El Salvador,SLV,2005,0.642,,,0.681,,,0.861,,,0.723,,,,,,,,
El Salvador,SLV,2006,0.647,,,0.688,,,0.866,,,0.729,,,,,,,,
El Salvador,SLV,2007,0.653,,,0.694,,,0.87,,,0.736,,,,,,,,
El Salvador,SLV,2008,0.653,,,0.698,,,0.872,,,0.742,,,,,,,,
El Salvador,SLV,2009,0.653,,,0.701,,,0.874,,,0.743,,,,,,,,
El Salvador,SLV,2010,0.66,,,0.707,,,0.879,,,0.747,,,,,,,,
El Salvador,SLV,2011,0.662,,,0.713,,,0.883,,,0.753,,,,,,,,
El Salvador,SLV,2012,0.666,,,0.717,,,0.886,,,0.758,,,,,,,,
El Salvador,SLV,2013,0.668,,,0.721,,,0.892,,,0.762,,,,,,,,
El Salvador,SLV,2014,0.668,,,0.726,,,0.895,,,0.765,,,,,,,,
El Salvador,SLV,2015,0.667,,,0.731,,,0.898,,,0.767,,,,,,,,
El Salvador,SLV,2016,0.666,,,0.735,,,0.9,,,0.769,,,,,,,,
El Salvador,SLV,2017,0.665,,,0.739,,,0.903,,,0.772,,,,,,,,
El Salvador,SLV,2018,0.67,,,0.741,,,0.906,,,0.774,,,,,,,,
El Salvador,SLV,2019,0.67,,,0.745,,,0.909,,,0.776,,,,,,,,
El Salvador,SLV,2020,0.66,0.676,,0.742,0.75,,0.901,0.913,,0.764,0.781,,,,,,,
El Salvador,SLV,2021,0.663,0.682,,0.742,0.756,,0.903,0.917,,0.762,0.786,,,,,,,
El Salvador,SLV,2022,0.674,0.687,,0.752,0.761,,0.908,0.921,,0.778,0.791,,,,,,,
El Salvador,SLV,2023,0.678,0.693,0.678,0.756,0.766,0.756,0.914,0.926,0.914,0.783,0.796,0.783,0.678,medium,has,above,"El Salvador HDI reached 0.678 in 2023, placing it in the medium human development category. The country has bounced back from the COVID-19 setback, with its development outcomes above pre-pandemic levels.",
El Salvador,SLV,2024,,0.699,0.682,,0.772,0.76,,0.93,0.92,,0.801,0.788,,,,,,
El Salvador,SLV,2025,,0.705,0.686,,0.777,0.764,,0.934,0.926,,0.806,0.793,,,,,,
Grenada,GRD,1990,,,,0.608,,,0.797,,,0.648,,,,,,,,
Grenada,GRD,1991,,,,0.611,,,0.8,,,0.653,,,,,,,,
Grenada,GRD,1992,,,,0.614,,,0.802,,,0.657,,,,,,,,
Grenada,GRD,1993,,,,0.617,,,0.804,,,0.661,,,,,,,,
Grenada,GRD,1994,,,,0.62,,,0.809,,,0.666,,,,,,,,
Grenada,GRD,1995,,,,0.625,,,0.812,,,0.67,,,,,,,,
Grenada,GRD,1996,,,,0.631,,,0.818,,,0.676,,,,,,,,
Grenada,GRD,1997,,,,0.636,,,0.824,,,0.683,,,,,,,,
Grenada,GRD,1998,,,,0.641,,,0.829,,,0.688,,,,,,,,
Grenada,GRD,1999,,,,0.646,,,0.832,,,0.692,,,,,,,,
Grenada,GRD,2000,,,,0.651,,,0.838,,,0.697,,,,,,,,
Grenada,GRD,2001,,,,0.657,,,0.843,,,0.702,,,,,,,,
Grenada,GRD,2002,0.744,,,0.662,,,0.847,,,0.706,,,,,,,,
Grenada,GRD,2003,0.751,,,0.669,,,0.852,,,0.711,,,,,,,,
Grenada,GRD,2004,0.746,,,0.675,,,0.857,,,0.717,,,,,,,,
Grenada,GRD,2005,0.764,,,0.681,,,0.861,,,0.723,,,,,,,,
Grenada,GRD,2006,0.764,,,0.688,,,0.866,,,0.729,,,,,,,,
Grenada,GRD,2007,0.768,,,0.694,,,0.87,,,0.736,,,,,,,,
Grenada,GRD,2008,0.771,,,0.698,,,0.872,,,0.742,,,,,,,,
Grenada,GRD,2009,0.767,,,0.701,,,0.874,,,0.743,,,,,,,,
Grenada,GRD,2010,0.771,,,0.707,,,0.879,,,0.747,,,,,,,,
Grenada,GRD,2011,0.773,,,0.713,,,0.883,,,0.753,,,,,,,,
Grenada,GRD,2012,0.774,,,0.717,,,0.886,,,0.758,,,,,,,,
Grenada,GRD,2013,0.777,,,0.721,,,0.892,,,0.762,,,,,,,,
Grenada,GRD,2014,0.779,,,0.726,,,0.895,,,0.765,,,,,,,,
Grenada,GRD,2015,0.782,,,0.731,,,0.898,,,0.767,,,,,,,,
Grenada,GRD,2016,0.784,,,0.735,,,0.9,,,0.769,,,,,,,,
Grenada,GRD,2017,0.784,,,0.739,,,0.903,,,0.772,,,,,,,,
Grenada,GRD,2018,0.788,,,0.741,,,0.906,,,0.774,,,,,,,,
Grenada,GRD,2019,0.789,,,0.745,,,0.909,,,0.776,,,,,,,,
Grenada,GRD,2020,0.782,0.792,,0.742,0.75,,0.901,0.913,,0.764,0.781,,,,,,,
Grenada,GRD,2021,0.782,0.795,,0.742,0.756,,0.903,0.917,,0.762,0.786,,,,,,,
Grenada,GRD,2022,0.789,0.797,,0.752,0.761,,0.908,0.921,,0.778,0.791,,,,,,,
Grenada,GRD,2023,0.791,0.8,0.791,0.756,0.766,0.756,0.914,0.926,0.914,0.783,0.796,0.783,0.791,high,has,above,"Grenada HDI reached 0.791 in 2023, placing it in the high human development category. The country has bounced back from the COVID-19 setback, with its development outcomes above pre-pandemic levels.",
Grenada,GRD,2024,,0.803,0.793,,0.772,0.76,,0.93,0.92,,0.801,0.788,,,,,,
Grenada,GRD,2025,,0.806,0.795,,0.777,0.764,,0.934,0.926,,0.806,0.793,,,,,,
Guatemala,GTM,1990,0.499,,,0.608,,,0.797,,,0.648,,,,,,,,
Guatemala,GTM,1991,0.503,,,0.611,,,0.8,,,0.653,,,,,,,,
Guatemala,GTM,1992,0.506,,,0.614,,,0.802,,,0.657,,,,,,,,
Guatemala,GTM,1993,0.51,,,0.617,,,0.804,,,0.661,,,,,,,,
Guatemala,GTM,1994,0.515,,,0.62,,,0.809,,,0.666,,,,,,,,
Guatemala,GTM,1995,0.522,,,0.625,,,0.812,,,0.67,,,,,,,,
Guatemala,GTM,1996,0.53,,,0.631,,,0.818,,,0.676,,,,,,,,
Guatemala,GTM,1997,0.539,,,0.636,,,0.824,,,0.683,,,,,,,,
Guatemala,GTM,1998,0.548,,,0.641,,,0.829,,,0.688,,,,,,,,
Guatemala,GTM,1999,0.556,,,0.646,,,0.832,,,0.692,,,,,,,,
Guatemala,GTM,2000,0.563,,,0.651,,,0.838,,,0.697,,,,,,,,
Guatemala,GTM,2001,0.567,,,0.657,,,0.843,,,0.702,,,,,,,,
Guatemala,GTM,2002,0.572,,,0.662,,,0.847,,,0.706,,,,,,,,
Guatemala,GTM,2003,0.577,,,0.669,,,0.852,,,0.711,,,,,,,,
Guatemala,GTM,2004,0.58,,,0.675,,,0.857,,,0.717,,,,,,,,
Guatemala,GTM,2005,0.583,,,0.681,,,0.861,,,0.723,,,,,,,,
Guatemala,GTM,2006,0.59,,,0.688,,,0.866,,,0.729,,,,,,,,
Guatemala,GTM,2007,0.601,,,0.694,,,0.87,,,0.736,,,,,,,,
Guatemala,GTM,2008,0.609,,,0.698,,,0.872,,,0.742,,,,,,,,
Guatemala,GTM,2009,0.616,,,0.701,,,0.874,,,0.743,,,,,,,,
Guatemala,GTM,2010,0.623,,,0.707,,,0.879,,,0.747,,,,,,,,
Guatemala,GTM,2011,0.628,,,0.713,,,0.883,,,0.753,,,,,,,,
Guatemala,GTM,2012,0.631,,,0.717,,,0.886,,,0.758,,,,,,,,
Guatemala,GTM,2013,0.633,,,0.721,,,0.892,,,0.762,,,,,,,,
Guatemala,GTM,2014,0.65,,,0.726,,,0.895,,,0.765,,,,,,,,
Guatemala,GTM,2015,0.638,,,0.731,,,0.898,,,0.767,,,,,,,,
Guatemala,GTM,2016,0.642,,,0.735,,,0.9,,,0.769,,,,,,,,
Guatemala,GTM,2017,0.647,,,0.739,,,0.903,,,0.772,,,,,,,,
Guatemala,GTM,2018,0.649,,,0.741,,,0.906,,,0.774,,,,,,,,
Guatemala,GTM,2019,0.653,,,0.745,,,0.909,,,0.776,,,,,,,,
Guatemala,GTM,2020,0.645,0.659,,0.742,0.75,,0.901,0.913,,0.764,0.781,,,,,,,
Guatemala,GTM,2021,0.639,0.665,,0.742,0.756,,0.903,0.917,,0.762,0.786,,,,,,,
Guatemala,GTM,2022,0.655,0.671,,0.752,0.761,,0.908,0.921,,0.778,0.791,,,,,,,
Guatemala,GTM,2023,0.662,0.678,0.662,0.756,0.766,0.756,0.914,0.926,0.914,0.783,0.796,0.783,0.662,medium,has,above,"Guatemala HDI reached 0.662 in 2023, placing it in the medium human development category. The country has bounced back from the COVID-19 setback, with its development outcomes above pre-pandemic levels.",
Guatemala,GTM,2024,,0.684,0.669,,0.772,0.76,,0.93,0.92,,0.801,0.788,,,,,,
Guatemala,GTM,2025,,0.69,0.676,,0.777,0.764,,0.934,0.926,,0.806,0.793,,,,,,
Guyana,GUY,1990,0.494,,,0.608,,,0.797,,,0.648,,,,,,,,
Guyana,GUY,1991,0.491,,,0.611,,,0.8,,,0.653,,,,,,,,
Guyana,GUY,1992,0.507,,,0.614,,,0.802,,,0.657,,,,,,,,
Guyana,GUY,1993,0.521,,,0.617,,,0.804,,,0.661,,,,,,,,
Guyana,GUY,1994,0.531,,,0.62,,,0.809,,,0.666,,,,,,,,
Guyana,GUY,1995,0.536,,,0.625,,,0.812,,,0.67,,,,,,,,
Guyana,GUY,1996,0.546,,,0.631,,,0.818,,,0.676,,,,,,,,
Guyana,GUY,1997,0.552,,,0.636,,,0.824,,,0.683,,,,,,,,
Guyana,GUY,1998,0.557,,,0.641,,,0.829,,,0.688,,,,,,,,
Guyana,GUY,1999,0.562,,,0.646,,,0.832,,,0.692,,,,,,,,
Guyana,GUY,2000,0.567,,,0.651,,,0.838,,,0.697,,,,,,,,
Guyana,GUY,2001,0.575,,,0.657,,,0.843,,,0.702,,,,,,,,
Guyana,GUY,2002,0.58,,,0.662,,,0.847,,,0.706,,,,,,,,
Guyana,GUY,2003,0.587,,,0.669,,,0.852,,,0.711,,,,,,,,
Guyana,GUY,2004,0.6,,,0.675,,,0.857,,,0.717,,,,,,,,
Guyana,GUY,2005,0.61,,,0.681,,,0.861,,,0.723,,,,,,,,
Guyana,GUY,2006,0.619,,,0.688,,,0.866,,,0.729,,,,,,,,
Guyana,GUY,2007,0.626,,,0.694,,,0.87,,,0.736,,,,,,,,
Guyana,GUY,2008,0.632,,,0.698,,,0.872,,,0.742,,,,,,,,
Guyana,GUY,2009,0.637,,,0.701,,,0.874,,,0.743,,,,,,,,
Guyana,GUY,2010,0.647,,,0.707,,,0.879,,,0.747,,,,,,,,
Guyana,GUY,2011,0.659,,,0.713,,,0.883,,,0.753,,,,,,,,
Guyana,GUY,2012,0.664,,,0.717,,,0.886,,,0.758,,,,,,,,
Guyana,GUY,2013,0.669,,,0.721,,,0.892,,,0.762,,,,,,,,
Guyana,GUY,2014,0.678,,,0.726,,,0.895,,,0.765,,,,,,,,
Guyana,GUY,2015,0.683,,,0.731,,,0.898,,,0.767,,,,,,,,
Guyana,GUY,2016,0.69,,,0.735,,,0.9,,,0.769,,,,,,,,
Guyana,GUY,2017,0.696,,,0.739,,,0.903,,,0.772,,,,,,,,
Guyana,GUY,2018,0.702,,,0.741,,,0.906,,,0.774,,,,,,,,
Guyana,GUY,2019,0.709,,,0.745,,,0.909,,,0.776,,,,,,,,
Guyana,GUY,2020,0.722,0.718,,0.742,0.75,,0.901,0.913,,0.764,0.781,,,,,,,
Guyana,GUY,2021,0.713,0.727,,0.742,0.756,,0.903,0.917,,0.762,0.786,,,,,,,
Guyana,GUY,2022,0.763,0.736,,0.752,0.761,,0.908,0.921,,0.778,0.791,,,,,,,
Guyana,GUY,2023,0.776,0.745,0.776,0.756,0.766,0.756,0.914,0.926,0.914,0.783,0.796,0.783,0.776,high,has,above,"Guyana HDI reached 0.776 in 2023, placing it in the high human development category. The country has bounced back from the COVID-19 setback, with its development outcomes above pre-pandemic levels.",
Guyana,GUY,2024,,0.755,0.789,,0.772,0.76,,0.93,0.92,,0.801,0.788,,,,,,
Guyana,GUY,2025,,0.764,0.803,,0.777,0.764,,0.934,0.926,,0.806,0.793,,,,,,
Haiti,HTI,1990,0.461,,,0.608,,,0.797,,,0.648,,,,,,,,
Haiti,HTI,1991,0.464,,,0.611,,,0.8,,,0.653,,,,,,,,
Haiti,HTI,1992,0.466,,,0.614,,,0.802,,,0.657,,,,,,,,
Haiti,HTI,1993,0.467,,,0.617,,,0.804,,,0.661,,,,,,,,
Haiti,HTI,1994,0.463,,,0.62,,,0.809,,,0.666,,,,,,,,
Haiti,HTI,1995,0.473,,,0.625,,,0.812,,,0.67,,,,,,,,
Haiti,HTI,1996,0.479,,,0.631,,,0.818,,,0.676,,,,,,,,
Haiti,HTI,1997,0.484,,,0.636,,,0.824,,,0.683,,,,,,,,
Haiti,HTI,1998,0.488,,,0.641,,,0.829,,,0.688,,,,,,,,
Haiti,HTI,1999,0.493,,,0.646,,,0.832,,,0.692,,,,,,,,
Haiti,HTI,2000,0.497,,,0.651,,,0.838,,,0.697,,,,,,,,
Haiti,HTI,2001,0.5,,,0.657,,,0.843,,,0.702,,,,,,,,
Haiti,HTI,2002,0.504,,,0.662,,,0.847,,,0.706,,,,,,,,
Haiti,HTI,2003,0.508,,,0.669,,,0.852,,,0.711,,,,,,,,
Haiti,HTI,2004,0.505,,,0.675,,,0.857,,,0.717,,,,,,,,
Haiti,HTI,2005,0.516,,,0.681,,,0.861,,,0.723,,,,,,,,
Haiti,HTI,2006,0.52,,,0.688,,,0.866,,,0.729,,,,,,,,
Haiti,HTI,2007,0.524,,,0.694,,,0.87,,,0.736,,,,,,,,
Haiti,HTI,2008,0.528,,,0.698,,,0.872,,,0.742,,,,,,,,
Haiti,HTI,2009,0.534,,,0.701,,,0.874,,,0.743,,,,,,,,
Haiti,HTI,2010,0.452,,,0.707,,,0.879,,,0.747,,,,,,,,
Haiti,HTI,2011,0.536,,,0.713,,,0.883,,,0.753,,,,,,,,
Haiti,HTI,2012,0.54,,,0.717,,,0.886,,,0.758,,,,,,,,
Haiti,HTI,2013,0.545,,,0.721,,,0.892,,,0.762,,,,,,,,
Haiti,HTI,2014,0.549,,,0.726,,,0.895,,,0.765,,,,,,,,
Haiti,HTI,2015,0.552,,,0.731,,,0.898,,,0.767,,,,,,,,
Haiti,HTI,2016,0.555,,,0.735,,,0.9,,,0.769,,,,,,,,
Haiti,HTI,2017,0.559,,,0.739,,,0.903,,,0.772,,,,,,,,
Haiti,HTI,2018,0.561,,,0.741,,,0.906,,,0.774,,,,,,,,
Haiti,HTI,2019,0.56,,,0.745,,,0.909,,,0.776,,,,,,,,
Haiti,HTI,2020,0.555,0.564,,0.742,0.75,,0.901,0.913,,0.764,0.781,,,,,,,
Haiti,HTI,2021,0.548,0.569,,0.742,0.756,,0.903,0.917,,0.762,0.786,,,,,,,
Haiti,HTI,2022,0.552,0.573,,0.752,0.761,,0.908,0.921,,0.778,0.791,,,,,,,
Haiti,HTI,2023,0.554,0.578,0.554,0.756,0.766,0.756,0.914,0.926,0.914,0.783,0.796,0.783,0.554,medium,has not,below,"Haiti HDI reached 0.554 in 2023, placing it in the medium human development category. The country has not bounced back from the COVID-19 setback, with its development outcomes below pre-pandemic levels.",
Haiti,HTI,2024,,0.582,0.556,,0.772,0.76,,0.93,0.92,,0.801,0.788,,,,,,
Haiti,HTI,2025,,0.586,0.558,,0.777,0.764,,0.934,0.926,,0.806,0.793,,,,,,
Honduras,HND,1990,0.516,,,0.608,,,0.797,,,0.648,,,,,,,,
Honduras,HND,1991,0.519,,,0.611,,,0.8,,,0.653,,,,,,,,
Honduras,HND,1992,0.523,,,0.614,,,0.802,,,0.657,,,,,,,,
Honduras,HND,1993,0.529,,,0.617,,,0.804,,,0.661,,,,,,,,
Honduras,HND,1994,0.532,,,0.62,,,0.809,,,0.666,,,,,,,,
Honduras,HND,1995,0.537,,,0.625,,,0.812,,,0.67,,,,,,,,
Honduras,HND,1996,0.541,,,0.631,,,0.818,,,0.676,,,,,,,,
Honduras,HND,1997,0.547,,,0.636,,,0.824,,,0.683,,,,,,,,
Honduras,HND,1998,0.529,,,0.641,,,0.829,,,0.688,,,,,,,,
Honduras,HND,1999,0.552,,,0.646,,,0.832,,,0.692,,,,,,,,
Honduras,HND,2000,0.558,,,0.651,,,0.838,,,0.697,,,,,,,,
Honduras,HND,2001,0.561,,,0.657,,,0.843,,,0.702,,,,,,,,
Honduras,HND,2002,0.564,,,0.662,,,0.847,,,0.706,,,,,,,,
Honduras,HND,2003,0.568,,,0.669,,,0.852,,,0.711,,,,,,,,
Honduras,HND,2004,0.573,,,0.675,,,0.857,,,0.717,,,,,,,,
Honduras,HND,2005,0.578,,,0.681,,,0.861,,,0.723,,,,,,,,
Honduras,HND,2006,0.582,,,0.688,,,0.866,,,0.729,,,,,,,,
Honduras,HND,2007,0.587,,,0.694,,,0.87,,,0.736,,,,,,,,
Honduras,HND,2008,0.592,,,0.698,,,0.872,,,0.742,,,,,,,,
Honduras,HND,2009,0.594,,,0.701,,,0.874,,,0.743,,,,,,,,
Honduras,HND,2010,0.596,,,0.707,,,0.879,,,0.747,,,,,,,,
Honduras,HND,2011,0.598,,,0.713,,,0.883,,,0.753,,,,,,,,
Honduras,HND,2012,0.597,,,0.717,,,0.886,,,0.758,,,,,,,,
Honduras,HND,2013,0.601,,,0.721,,,0.892,,,0.762,,,,,,,,
Honduras,HND,2014,0.604,,,0.726,,,0.895,,,0.765,,,,,,,,
Honduras,HND,2015,0.61,,,0.731,,,0.898,,,0.767,,,,,,,,
Honduras,HND,2016,0.616,,,0.735,,,0.9,,,0.769,,,,,,,,
Honduras,HND,2017,0.618,,,0.739,,,0.903,,,0.772,,,,,,,,
Honduras,HND,2018,0.619,,,0.741,,,0.906,,,0.774,,,,,,,,
Honduras,HND,2019,0.632,,,0.745,,,0.909,,,0.776,,,,,,,,
Honduras,HND,2020,0.625,0.636,,0.742,0.75,,0.901,0.913,,0.764,0.781,,,,,,,
Honduras,HND,2021,0.628,0.641,,0.742,0.756,,0.903,0.917,,0.762,0.786,,,,,,,
Honduras,HND,2022,0.643,0.646,,0.752,0.761,,0.908,0.921,,0.778,0.791,,,,,,,
Honduras,HND,2023,0.645,0.65,0.645,0.756,0.766,0.756,0.914,0.926,0.914,0.783,0.796,0.783,0.645,medium,has,above,"Honduras HDI reached 0.645 in 2023, placing it in the medium human development category. The country has bounced back from the COVID-19 setback, with its development outcomes above pre-pandemic levels.",
Honduras,HND,2024,,0.655,0.647,,0.772,0.76,,0.93,0.92,,0.801,0.788,,,,,,
Honduras,HND,2025,,0.659,0.649,,0.777,0.764,,0.934,0.926,,0.806,0.793,,,,,,
Jamaica,JAM,1990,0.662,,,0.608,,,0.797,,,0.648,,,,,,,,
Jamaica,JAM,1991,0.662,,,0.611,,,0.8,,,0.653,,,,,,,,
Jamaica,JAM,1992,0.664,,,0.614,,,0.802,,,0.657,,,,,,,,
Jamaica,JAM,1993,0.664,,,0.617,,,0.804,,,0.661,,,,,,,,
Jamaica,JAM,1994,0.664,,,0.62,,,0.809,,,0.666,,,,,,,,
Jamaica,JAM,1995,0.665,,,0.625,,,0.812,,,0.67,,,,,,,,
Jamaica,JAM,1996,0.664,,,0.631,,,0.818,,,0.676,,,,,,,,
Jamaica,JAM,1997,0.663,,,0.636,,,0.824,,,0.683,,,,,,,,
Jamaica,JAM,1998,0.662,,,0.641,,,0.829,,,0.688,,,,,,,,
Jamaica,JAM,1999,0.662,,,0.646,,,0.832,,,0.692,,,,,,,,
Jamaica,JAM,2000,0.659,,,0.651,,,0.838,,,0.697,,,,,,,,
Jamaica,JAM,2001,0.668,,,0.657,,,0.843,,,0.702,,,,,,,,
Jamaica,JAM,2002,0.672,,,0.662,,,0.847,,,0.706,,,,,,,,
Jamaica,JAM,2003,0.668,,,0.669,,,0.852,,,0.711,,,,,,,,
Jamaica,JAM,2004,0.684,,,0.675,,,0.857,,,0.717,,,,,,,,
Jamaica,JAM,2005,0.687,,,0.681,,,0.861,,,0.723,,,,,,,,
Jamaica,JAM,2006,0.696,,,0.688,,,0.866,,,0.729,,,,,,,,
Jamaica,JAM,2007,0.704,,,0.694,,,0.87,,,0.736,,,,,,,,
Jamaica,JAM,2008,0.711,,,0.698,,,0.872,,,0.742,,,,,,,,
Jamaica,JAM,2009,0.711,,,0.701,,,0.874,,,0.743,,,,,,,,
Jamaica,JAM,2010,0.708,,,0.707,,,0.879,,,0.747,,,,,,,,
Jamaica,JAM,2011,0.711,,,0.713,,,0.883,,,0.753,,,,,,,,
Jamaica,JAM,2012,0.711,,,0.717,,,0.886,,,0.758,,,,,,,,
Jamaica,JAM,2013,0.711,,,0.721,,,0.892,,,0.762,,,,,,,,
Jamaica,JAM,2014,0.712,,,0.726,,,0.895,,,0.765,,,,,,,,
Jamaica,JAM,2015,0.713,,,0.731,,,0.898,,,0.767,,,,,,,,
Jamaica,JAM,2016,0.714,,,0.735,,,0.9,,,0.769,,,,,,,,
Jamaica,JAM,2017,0.715,,,0.739,,,0.903,,,0.772,,,,,,,,
Jamaica,JAM,2018,0.715,,,0.741,,,0.906,,,0.774,,,,,,,,
Jamaica,JAM,2019,0.716,,,0.745,,,0.909,,,0.776,,,,,,,,
Jamaica,JAM,2020,0.711,0.718,,0.742,0.75,,0.901,0.913,,0.764,0.781,,,,,,,
Jamaica,JAM,2021,0.703,0.72,,0.742,0.756,,0.903,0.917,,0.762,0.786,,,,,,,
Jamaica,JAM,2022,0.718,0.722,,0.752,0.761,,0.908,0.921,,0.778,0.791,,,,,,,
Jamaica,JAM,2023,0.72,0.724,0.72,0.756,0.766,0.756,0.914,0.926,0.914,0.783,0.796,0.783,0.72,high,has,above,"Jamaica HDI reached 0.72 in 2023, placing it in the high human development category. The country has bounced back from the COVID-19 setback, with its development outcomes above pre-pandemic levels.",
Jamaica,JAM,2024,,0.726,0.722,,0.772,0.76,,0.93,0.92,,0.801,0.788,,,,,,
Jamaica,JAM,2025,,0.728,0.724,,0.777,0.764,,0.934,0.926,,0.806,0.793,,,,,,
Mexico,MEX,1990,0.668,,,0.608,,,0.797,,,0.648,,,,,,,,
Mexico,MEX,1991,0.67,,,0.611,,,0.8,,,0.653,,,,,,,,
Mexico,MEX,1992,0.672,,,0.614,,,0.802,,,0.657,,,,,,,,
Mexico,MEX,1993,0.675,,,0.617,,,0.804,,,0.661,,,,,,,,
Mexico,MEX,1994,0.68,,,0.62,,,0.809,,,0.666,,,,,,,,
Mexico,MEX,1995,0.68,,,0.625,,,0.812,,,0.67,,,,,,,,
Mexico,MEX,1996,0.687,,,0.631,,,0.818,,,0.676,,,,,,,,
Mexico,MEX,1997,0.694,,,0.636,,,0.824,,,0.683,,,,,,,,
Mexico,MEX,1998,0.701,,,0.641,,,0.829,,,0.688,,,,,,,,
Mexico,MEX,1999,0.706,,,0.646,,,0.832,,,0.692,,,,,,,,
Mexico,MEX,2000,0.712,,,0.651,,,0.838,,,0.697,,,,,,,,
Mexico,MEX,2001,0.715,,,0.657,,,0.843,,,0.702,,,,,,,,
Mexico,MEX,2002,0.722,,,0.662,,,0.847,,,0.706,,,,,,,,
Mexico,MEX,2003,0.728,,,0.669,,,0.852,,,0.711,,,,,,,,
Mexico,MEX,2004,0.732,,,0.675,,,0.857,,,0.717,,,,,,,,
Mexico,MEX,2005,0.736,,,0.681,,,0.861,,,0.723,,,,,,,,
Mexico,MEX,2006,0.745,,,0.688,,,0.866,,,0.729,,,,,,,,
Mexico,MEX,2007,0.747,,,0.694,,,0.87,,,0.736,,,,,,,,
Mexico,MEX,2008,0.75,,,0.698,,,0.872,,,0.742,,,,,,,,
Mexico,MEX,2009,0.749,,,0.701,,,0.874,,,0.743,,,,,,,,
Mexico,MEX,2010,0.751,,,0.707,,,0.879,,,0.747,,,,,,,,
Mexico,MEX,2011,0.757,,,0.713,,,0.883,,,0.753,,,,,,,,
Mexico,MEX,2012,0.764,,,0.717,,,0.886,,,0.758,,,,,,,,
Mexico,MEX,2013,0.765,,,0.721,,,0.892,,,0.762,,,,,,,,
Mexico,MEX,2014,0.769,,,0.726,,,0.895,,,0.765,,,,,,,,
Mexico,MEX,2015,0.773,,,0.731,,,0.898,,,0.767,,,,,,,,
Mexico,MEX,2016,0.778,,,0.735,,,0.9,,,0.769,,,,,,,,
Mexico,MEX,2017,0.781,,,0.739,,,0.903,,,0.772,,,,,,,,
Mexico,MEX,2018,0.785,,,0.741,,,0.906,,,0.774,,,,,,,,
Mexico,MEX,2019,0.788,,,0.745,,,0.909,,,0.776,,,,,,,,
Mexico,MEX,2020,0.763,0.793,,0.742,0.75,,0.901,0.913,,0.764,0.781,,,,,,,
Mexico,MEX,2021,0.761,0.797,,0.742,0.756,,0.903,0.917,,0.762,0.786,,,,,,,
Mexico,MEX,2022,0.783,0.802,,0.752,0.761,,0.908,0.921,,0.778,0.791,,,,,,,
Mexico,MEX,2023,0.789,0.806,0.789,0.756,0.766,0.756,0.914,0.926,0.914,0.783,0.796,0.783,0.789,high,has,above,"Mexico HDI reached 0.789 in 2023, placing it in the high human development category. The country has bounced back from the COVID-19 setback, with its development outcomes above pre-pandemic levels.",
Mexico,MEX,2024,,0.811,0.795,,0.772,0.76,,0.93,0.92,,0.801,0.788,,,,,,
Mexico,MEX,2025,,0.815,0.801,,0.777,0.764,,0.934,0.926,,0.806,0.793,,,,,,
Nicaragua,NIC,1990,0.515,,,0.608,,,0.797,,,0.648,,,,,,,,
Nicaragua,NIC,1991,0.526,,,0.611,,,0.8,,,0.653,,,,,,,,
Nicaragua,NIC,1992,0.531,,,0.614,,,0.802,,,0.657,,,,,,,,
Nicaragua,NIC,1993,0.534,,,0.617,,,0.804,,,0.661,,,,,,,,
Nicaragua,NIC,1994,0.54,,,0.62,,,0.809,,,0.666,,,,,,,,
Nicaragua,NIC,1995,0.549,,,0.625,,,0.812,,,0.67,,,,,,,,
Nicaragua,NIC,1996,0.559,,,0.631,,,0.818,,,0.676,,,,,,,,
Nicaragua,NIC,1997,0.568,,,0.636,,,0.824,,,0.683,,,,,,,,
Nicaragua,NIC,1998,0.569,,,0.641,,,0.829,,,0.688,,,,,,,,
Nicaragua,NIC,1999,0.585,,,0.646,,,0.832,,,0.692,,,,,,,,
Nicaragua,NIC,2000,0.593,,,0.651,,,0.838,,,0.697,,,,,,,,
Nicaragua,NIC,2001,0.601,,,0.657,,,0.843,,,0.702,,,,,,,,
Nicaragua,NIC,2002,0.609,,,0.662,,,0.847,,,0.706,,,,,,,,
Nicaragua,NIC,2003,0.615,,,0.669,,,0.852,,,0.711,,,,,,,,
Nicaragua,NIC,2004,0.623,,,0.675,,,0.857,,,0.717,,,,,,,,
Nicaragua,NIC,2005,0.63,,,0.681,,,0.861,,,0.723,,,,,,,,
Nicaragua,NIC,2006,0.636,,,0.688,,,0.866,,,0.729,,,,,,,,
Nicaragua,NIC,2007,0.642,,,0.694,,,0.87,,,0.736,,,,,,,,
Nicaragua,NIC,2008,0.646,,,0.698,,,0.872,,,0.742,,,,,,,,
Nicaragua,NIC,2009,0.646,,,0.701,,,0.874,,,0.743,,,,,,,,
Nicaragua,NIC,2010,0.651,,,0.707,,,0.879,,,0.747,,,,,,,,
Nicaragua,NIC,2011,0.657,,,0.713,,,0.883,,,0.753,,,,,,,,
Nicaragua,NIC,2012,0.664,,,0.717,,,0.886,,,0.758,,,,,,,,
Nicaragua,NIC,2013,0.668,,,0.721,,,0.892,,,0.762,,,,,,,,
Nicaragua,NIC,2014,0.674,,,0.726,,,0.895,,,0.765,,,,,,,,
Nicaragua,NIC,2015,0.679,,,0.731,,,0.898,,,0.767,,,,,,,,
Nicaragua,NIC,2016,0.684,,,0.735,,,0.9,,,0.769,,,,,,,,
Nicaragua,NIC,2017,0.688,,,0.739,,,0.903,,,0.772,,,,,,,,
Nicaragua,NIC,2018,0.69,,,0.741,,,0.906,,,0.774,,,,,,,,
Nicaragua,NIC,2019,0.69,,,0.745,,,0.909,,,0.776,,,,,,,,
Nicaragua,NIC,2020,0.676,0.697,,0.742,0.75,,0.901,0.913,,0.764,0.781,,,,,,,
Nicaragua,NIC,2021,0.682,0.704,,0.742,0.756,,0.903,0.917,,0.762,0.786,,,,,,,
Nicaragua,NIC,2022,0.701,0.711,,0.752,0.761,,0.908,0.921,,0.778,0.791,,,,,,,
Nicaragua,NIC,2023,0.706,0.718,0.706,0.756,0.766,0.756,0.914,0.926,0.914,0.783,0.796,0.783,0.706,high,has,above,"Nicaragua HDI reached 0.706 in 2023, placing it in the high human development category. The country has bounced back from the COVID-19 setback, with its development outcomes above pre-pandemic levels.",
Nicaragua,NIC,2024,,0.726,0.711,,0.772,0.76,,0.93,0.92,,0.801,0.788,,,,,,
Nicaragua,NIC,2025,,0.733,0.716,,0.777,0.764,,0.934,0.926,,0.806,0.793,,,,,,
Panama,PAN,1990,0.672,,,0.608,,,0.797,,,0.648,,,,,,,,
Panama,PAN,1991,0.674,,,0.611,,,0.8,,,0.653,,,,,,,,
Panama,PAN,1992,0.68,,,0.614,,,0.802,,,0.657,,,,,,,,
Panama,PAN,1993,0.686,,,0.617,,,0.804,,,0.661,,,,,,,,
Panama,PAN,1994,0.688,,,0.62,,,0.809,,,0.666,,,,,,,,
Panama,PAN,1995,0.69,,,0.625,,,0.812,,,0.67,,,,,,,,
Panama,PAN,1996,0.694,,,0.631,,,0.818,,,0.676,,,,,,,,
Panama,PAN,1997,0.701,,,0.636,,,0.824,,,0.683,,,,,,,,
Panama,PAN,1998,0.707,,,0.641,,,0.829,,,0.688,,,,,,,,
Panama,PAN,1999,0.712,,,0.646,,,0.832,,,0.692,,,,,,,,
Panama,PAN,2000,0.718,,,0.651,,,0.838,,,0.697,,,,,,,,
Panama,PAN,2001,0.723,,,0.657,,,0.843,,,0.702,,,,,,,,
Panama,PAN,2002,0.73,,,0.662,,,0.847,,,0.706,,,,,,,,
Panama,PAN,2003,0.735,,,0.669,,,0.852,,,0.711,,,,,,,,
Panama,PAN,2004,0.741,,,0.675,,,0.857,,,0.717,,,,,,,,
Panama,PAN,2005,0.746,,,0.681,,,0.861,,,0.723,,,,,,,,
Panama,PAN,2006,0.753,,,0.688,,,0.866,,,0.729,,,,,,,,
Panama,PAN,2007,0.763,,,0.694,,,0.87,,,0.736,,,,,,,,
Panama,PAN,2008,0.767,,,0.698,,,0.872,,,0.742,,,,,,,,
Panama,PAN,2009,0.77,,,0.701,,,0.874,,,0.743,,,,,,,,
Panama,PAN,2010,0.775,,,0.707,,,0.879,,,0.747,,,,,,,,
Panama,PAN,2011,0.781,,,0.713,,,0.883,,,0.753,,,,,,,,
Panama,PAN,2012,0.798,,,0.717,,,0.886,,,0.758,,,,,,,,
Panama,PAN,2013,0.799,,,0.721,,,0.892,,,0.762,,,,,,,,
Panama,PAN,2014,0.798,,,0.726,,,0.895,,,0.765,,,,,,,,
Panama,PAN,2015,0.803,,,0.731,,,0.898,,,0.767,,,,,,,,
Panama,PAN,2016,0.81,,,0.735,,,0.9,,,0.769,,,,,,,,
Panama,PAN,2017,0.815,,,0.739,,,0.903,,,0.772,,,,,,,,
Panama,PAN,2018,0.82,,,0.741,,,0.906,,,0.774,,,,,,,,
Panama,PAN,2019,0.824,,,0.745,,,0.909,,,0.776,,,,,,,,
Panama,PAN,2020,0.808,0.83,,0.742,0.75,,0.901,0.913,,0.764,0.781,,,,,,,
Panama,PAN,2021,0.819,0.836,,0.742,0.756,,0.903,0.917,,0.762,0.786,,,,,,,
Panama,PAN,2022,0.835,0.842,,0.752,0.761,,0.908,0.921,,0.778,0.791,,,,,,,
Panama,PAN,2023,0.839,0.848,0.839,0.756,0.766,0.756,0.914,0.926,0.914,0.783,0.796,0.783,0.839,very high,has,above,"Panama HDI reached 0.839 in 2023, placing it in the very high human development category. The country has bounced back from the COVID-19 setback, with its development outcomes above pre-pandemic levels.",
Panama,PAN,2024,,0.854,0.843,,0.772,0.76,,0.93,0.92,,0.801,0.788,,,,,,
Panama,PAN,2025,,0.86,0.847,,0.777,0.764,,0.934,0.926,,0.806,0.793,,,,,,
Paraguay,PRY,1990,0.607,,,0.608,,,0.797,,,0.648,,,,,,,,
Paraguay,PRY,1991,0.613,,,0.611,,,0.8,,,0.653,,,,,,,,
Paraguay,PRY,1992,0.619,,,0.614,,,0.802,,,0.657,,,,,,,,
Paraguay,PRY,1993,0.626,,,0.617,,,0.804,,,0.661,,,,,,,,
Paraguay,PRY,1994,0.631,,,0.62,,,0.809,,,0.666,,,,,,,,
Paraguay,PRY,1995,0.637,,,0.625,,,0.812,,,0.67,,,,,,,,
Paraguay,PRY,1996,0.646,,,0.631,,,0.818,,,0.676,,,,,,,,
Paraguay,PRY,1997,0.653,,,0.636,,,0.824,,,0.683,,,,,,,,
Paraguay,PRY,1998,0.659,,,0.641,,,0.829,,,0.688,,,,,,,,
Paraguay,PRY,1999,0.664,,,0.646,,,0.832,,,0.692,,,,,,,,
Paraguay,PRY,2000,0.664,,,0.651,,,0.838,,,0.697,,,,,,,,
Paraguay,PRY,2001,0.671,,,0.657,,,0.843,,,0.702,,,,,,,,
Paraguay,PRY,2002,0.679,,,0.662,,,0.847,,,0.706,,,,,,,,
Paraguay,PRY,2003,0.673,,,0.669,,,0.852,,,0.711,,,,,,,,
Paraguay,PRY,2004,0.681,,,0.675,,,0.857,,,0.717,,,,,,,,
Paraguay,PRY,2005,0.683,,,0.681,,,0.861,,,0.723,,,,,,,,
Paraguay,PRY,2006,0.684,,,0.688,,,0.866,,,0.729,,,,,,,,
Paraguay,PRY,2007,0.69,,,0.694,,,0.87,,,0.736,,,,,,,,
Paraguay,PRY,2008,0.7,,,0.698,,,0.872,,,0.742,,,,,,,,
Paraguay,PRY,2009,0.7,,,0.701,,,0.874,,,0.743,,,,,,,,
Paraguay,PRY,2010,0.709,,,0.707,,,0.879,,,0.747,,,,,,,,
Paraguay,PRY,2011,0.715,,,0.713,,,0.883,,,0.753,,,,,,,,
Paraguay,PRY,2012,0.719,,,0.717,,,0.886,,,0.758,,,,,,,,
Paraguay,PRY,2013,0.73,,,0.721,,,0.892,,,0.762,,,,,,,,
Paraguay,PRY,2014,0.733,,,0.726,,,0.895,,,0.765,,,,,,,,
Paraguay,PRY,2015,0.737,,,0.731,,,0.898,,,0.767,,,,,,,,
Paraguay,PRY,2016,0.737,,,0.735,,,0.9,,,0.769,,,,,,,,
Paraguay,PRY,2017,0.74,,,0.739,,,0.903,,,0.772,,,,,,,,
Paraguay,PRY,2018,0.744,,,0.741,,,0.906,,,0.774,,,,,,,,
Paraguay,PRY,2019,0.747,,,0.745,,,0.909,,,0.776,,,,,,,,
Paraguay,PRY,2020,0.742,0.752,,0.742,0.75,,0.901,0.913,,0.764,0.781,,,,,,,
Paraguay,PRY,2021,0.723,0.758,,0.742,0.756,,0.903,0.917,,0.762,0.786,,,,,,,
Paraguay,PRY,2022,0.747,0.763,,0.752,0.761,,0.908,0.921,,0.778,0.791,,,,,,,
Paraguay,PRY,2023,0.756,0.769,0.756,0.756,0.766,0.756,0.914,0.926,0.914,0.783,0.796,0.783,0.756,high,has,above,"Paraguay HDI reached 0.756 in 2023, placing it in the high human development category. The country has bounced back from the COVID-19 setback, with its development outcomes above pre-pandemic levels.",
Paraguay,PRY,2024,,0.774,0.765,,0.772,0.76,,0.93,0.92,,0.801,0.788,,,,,,
Paraguay,PRY,2025,,0.78,0.774,,0.777,0.764,,0.934,0.926,,0.806,0.793,,,,,,
Peru,PER,1990,0.625,,,0.608,,,0.797,,,0.648,,,,,,,,
Peru,PER,1991,0.628,,,0.611,,,0.8,,,0.653,,,,,,,,
Peru,PER,1992,0.629,,,0.614,,,0.802,,,0.657,,,,,,,,
Peru,PER,1993,0.633,,,0.617,,,0.804,,,0.661,,,,,,,,
Peru,PER,1994,0.644,,,0.62,,,0.809,,,0.666,,,,,,,,
Peru,PER,1995,0.654,,,0.625,,,0.812,,,0.67,,,,,,,,
Peru,PER,1996,0.658,,,0.631,,,0.818,,,0.676,,,,,,,,
Peru,PER,1997,0.663,,,0.636,,,0.824,,,0.683,,,,,,,,
Peru,PER,1998,0.671,,,0.641,,,0.829,,,0.688,,,,,,,,
Peru,PER,1999,0.68,,,0.646,,,0.832,,,0.692,,,,,,,,
Peru,PER,2000,0.682,,,0.651,,,0.838,,,0.697,,,,,,,,
Peru,PER,2001,0.69,,,0.657,,,0.843,,,0.702,,,,,,,,
Peru,PER,2002,0.69,,,0.662,,,0.847,,,0.706,,,,,,,,
Peru,PER,2003,0.689,,,0.669,,,0.852,,,0.711,,,,,,,,
Peru,PER,2004,0.694,,,0.675,,,0.857,,,0.717,,,,,,,,
Peru,PER,2005,0.691,,,0.681,,,0.861,,,0.723,,,,,,,,
Peru,PER,2006,0.697,,,0.688,,,0.866,,,0.729,,,,,,,,
Peru,PER,2007,0.708,,,0.694,,,0.87,,,0.736,,,,,,,,
Peru,PER,2008,0.714,,,0.698,,,0.872,,,0.742,,,,,,,,
Peru,PER,2009,0.717,,,0.701,,,0.874,,,0.743,,,,,,,,
Peru,PER,2010,0.731,,,0.707,,,0.879,,,0.747,,,,,,,,
Peru,PER,2011,0.738,,,0.713,,,0.883,,,0.753,,,,,,,,
Peru,PER,2012,0.748,,,0.717,,,0.886,,,0.758,,,,,,,,
Peru,PER,2013,0.757,,,0.721,,,0.892,,,0.762,,,,,,,,
Peru,PER,2014,0.763,,,0.726,,,0.895,,,0.765,,,,,,,,
Peru,PER,2015,0.768,,,0.731,,,0.898,,,0.767,,,,,,,,
Peru,PER,2016,0.775,,,0.735,,,0.9,,,0.769,,,,,,,,
Peru,PER,2017,0.775,,,0.739,,,0.903,,,0.772,,,,,,,,
Peru,PER,2018,0.78,,,0.741,,,0.906,,,0.774,,,,,,,,
Peru,PER,2019,0.784,,,0.745,,,0.909,,,0.776,,,,,,,,
Peru,PER,2020,0.769,0.79,,0.742,0.75,,0.901,0.913,,0.764,0.781,,,,,,,
Peru,PER,2021,0.764,0.796,,0.742,0.756,,0.903,0.917,,0.762,0.786,,,,,,,
Peru,PER,2022,0.79,0.803,,0.752,0.761,,0.908,0.921,,0.778,0.791,,,,,,,
Peru,PER,2023,0.794,0.809,0.794,0.756,0.766,0.756,0.914,0.926,0.914,0.783,0.796,0.783,0.794,high,has,above,"Peru HDI reached 0.794 in 2023, placing it in the high human development category. The country has bounced back from the COVID-19 setback, with its development outcomes above pre-pandemic levels.",
Peru,PER,2024,,0.815,0.798,,0.772,0.76,,0.93,0.92,,0.801,0.788,,,,,,
Peru,PER,2025,,0.822,0.802,,0.777,0.764,,0.934,0.926,,0.806,0.793,,,,,,
Saint Kitts and Nevis,KNA,1990,,,,0.608,,,0.797,,,0.648,,,,,,,,
Saint Kitts and Nevis,KNA,1991,,,,0.611,,,0.8,,,0.653,,,,,,,,
Saint Kitts and Nevis,KNA,1992,,,,0.614,,,0.802,,,0.657,,,,,,,,
Saint Kitts and Nevis,KNA,1993,,,,0.617,,,0.804,,,0.661,,,,,,,,
Saint Kitts and Nevis,KNA,1994,,,,0.62,,,0.809,,,0.666,,,,,,,,
Saint Kitts and Nevis,KNA,1995,,,,0.625,,,0.812,,,0.67,,,,,,,,
Saint Kitts and Nevis,KNA,1996,,,,0.631,,,0.818,,,0.676,,,,,,,,
Saint Kitts and Nevis,KNA,1997,,,,0.636,,,0.824,,,0.683,,,,,,,,
Saint Kitts and Nevis,KNA,1998,,,,0.641,,,0.829,,,0.688,,,,,,,,
Saint Kitts and Nevis,KNA,1999,,,,0.646,,,0.832,,,0.692,,,,,,,,
Saint Kitts and Nevis,KNA,2000,,,,0.651,,,0.838,,,0.697,,,,,,,,
Saint Kitts and Nevis,KNA,2001,,,,0.657,,,0.843,,,0.702,,,,,,,,
Saint Kitts and Nevis,KNA,2002,,,,0.662,,,0.847,,,0.706,,,,,,,,
Saint Kitts and Nevis,KNA,2003,,,,0.669,,,0.852,,,0.711,,,,,,,,
Saint Kitts and Nevis,KNA,2004,,,,0.675,,,0.857,,,0.717,,,,,,,,
Saint Kitts and Nevis,KNA,2005,0.758,,,0.681,,,0.861,,,0.723,,,,,,,,
Saint Kitts and Nevis,KNA,2006,0.765,,,0.688,,,0.866,,,0.729,,,,,,,,
Saint Kitts and Nevis,KNA,2007,0.769,,,0.694,,,0.87,,,0.736,,,,,,,,
Saint Kitts and Nevis,KNA,2008,0.776,,,0.698,,,0.872,,,0.742,,,,,,,,
Saint Kitts and Nevis,KNA,2009,0.783,,,0.701,,,0.874,,,0.743,,,,,,,,
Saint Kitts and Nevis,KNA,2010,0.791,,,0.707,,,0.879,,,0.747,,,,,,,,
Saint Kitts and Nevis,KNA,2011,0.8,,,0.713,,,0.883,,,0.753,,,,,,,,
Saint Kitts and Nevis,KNA,2012,0.808,,,0.717,,,0.886,,,0.758,,,,,,,,
Saint Kitts and Nevis,KNA,2013,0.818,,,0.721,,,0.892,,,0.762,,,,,,,,
Saint Kitts and Nevis,KNA,2014,0.829,,,0.726,,,0.895,,,0.765,,,,,,,,
Saint Kitts and Nevis,KNA,2015,0.83,,,0.731,,,0.898,,,0.767,,,,,,,,
Saint Kitts and Nevis,KNA,2016,0.832,,,0.735,,,0.9,,,0.769,,,,,,,,
Saint Kitts and Nevis,KNA,2017,0.834,,,0.739,,,0.903,,,0.772,,,,,,,,
Saint Kitts and Nevis,KNA,2018,0.835,,,0.741,,,0.906,,,0.774,,,,,,,,
Saint Kitts and Nevis,KNA,2019,0.839,,,0.745,,,0.909,,,0.776,,,,,,,,
Saint Kitts and Nevis,KNA,2020,0.828,0.845,,0.742,0.75,,0.901,0.913,,0.764,0.781,,,,,,,
Saint Kitts and Nevis,KNA,2021,0.818,0.851,,0.742,0.756,,0.903,0.917,,0.762,0.786,,,,,,,
Saint Kitts and Nevis,KNA,2022,0.829,0.857,,0.752,0.761,,0.908,0.921,,0.778,0.791,,,,,,,
Saint Kitts and Nevis,KNA,2023,0.84,0.864,0.84,0.756,0.766,0.756,0.914,0.926,0.914,0.783,0.796,0.783,0.84,very high,has,above,"Saint Kitts and Nevis HDI reached 0.84 in 2023, placing it in the very high human development category. The country has bounced back from the COVID-19 setback, with its development outcomes above pre-pandemic levels.",
Saint Kitts and Nevis,KNA,2024,,0.87,0.851,,0.772,0.76,,0.93,0.92,,0.801,0.788,,,,,,
Saint Kitts and Nevis,KNA,2025,,0.876,0.862,,0.777,0.764,,0.934,0.926,,0.806,0.793,,,,,,
Saint Lucia,LCA,1990,0.683,,,0.608,,,0.797,,,0.648,,,,,,,,
Saint Lucia,LCA,1991,0.685,,,0.611,,,0.8,,,0.653,,,,,,,,
Saint Lucia,LCA,1992,0.692,,,0.614,,,0.802,,,0.657,,,,,,,,
Saint Lucia,LCA,1993,0.694,,,0.617,,,0.804,,,0.661,,,,,,,,
Saint Lucia,LCA,1994,0.696,,,0.62,,,0.809,,,0.666,,,,,,,,
Saint Lucia,LCA,1995,0.698,,,0.625,,,0.812,,,0.67,,,,,,,,
Saint Lucia,LCA,1996,0.701,,,0.631,,,0.818,,,0.676,,,,,,,,
Saint Lucia,LCA,1997,0.701,,,0.636,,,0.824,,,0.683,,,,,,,,
Saint Lucia,LCA,1998,0.705,,,0.641,,,0.829,,,0.688,,,,,,,,
Saint Lucia,LCA,1999,0.708,,,0.646,,,0.832,,,0.692,,,,,,,,
Saint Lucia,LCA,2000,0.71,,,0.651,,,0.838,,,0.697,,,,,,,,
Saint Lucia,LCA,2001,0.712,,,0.657,,,0.843,,,0.702,,,,,,,,
Saint Lucia,LCA,2002,0.716,,,0.662,,,0.847,,,0.706,,,,,,,,
Saint Lucia,LCA,2003,0.721,,,0.669,,,0.852,,,0.711,,,,,,,,
Saint Lucia,LCA,2004,0.726,,,0.675,,,0.857,,,0.717,,,,,,,,
Saint Lucia,LCA,2005,0.73,,,0.681,,,0.861,,,0.723,,,,,,,,
Saint Lucia,LCA,2006,0.741,,,0.688,,,0.866,,,0.729,,,,,,,,
Saint Lucia,LCA,2007,0.74,,,0.694,,,0.87,,,0.736,,,,,,,,
Saint Lucia,LCA,2008,0.749,,,0.698,,,0.872,,,0.742,,,,,,,,
Saint Lucia,LCA,2009,0.751,,,0.701,,,0.874,,,0.743,,,,,,,,
Saint Lucia,LCA,2010,0.749,,,0.707,,,0.879,,,0.747,,,,,,,,
Saint Lucia,LCA,2011,0.755,,,0.713,,,0.883,,,0.753,,,,,,,,
Saint Lucia,LCA,2012,0.748,,,0.717,,,0.886,,,0.758,,,,,,,,
Saint Lucia,LCA,2013,0.741,,,0.721,,,0.892,,,0.762,,,,,,,,
Saint Lucia,LCA,2014,0.746,,,0.726,,,0.895,,,0.765,,,,,,,,
Saint Lucia,LCA,2015,0.757,,,0.731,,,0.898,,,0.767,,,,,,,,
Saint Lucia,LCA,2016,0.76,,,0.735,,,0.9,,,0.769,,,,,,,,
Saint Lucia,LCA,2017,0.757,,,0.739,,,0.903,,,0.772,,,,,,,,
Saint Lucia,LCA,2018,0.759,,,0.741,,,0.906,,,0.774,,,,,,,,
Saint Lucia,LCA,2019,0.745,,,0.745,,,0.909,,,0.776,,,,,,,,
Saint Lucia,LCA,2020,0.734,0.747,,0.742,0.75,,0.901,0.913,,0.764,0.781,,,,,,,
Saint Lucia,LCA,2021,0.724,0.75,,0.742,0.756,,0.903,0.917,,0.762,0.786,,,,,,,
Saint Lucia,LCA,2022,0.747,0.752,,0.752,0.761,,0.908,0.921,,0.778,0.791,,,,,,,
Saint Lucia,LCA,2023,0.748,0.754,0.748,0.756,0.766,0.756,0.914,0.926,0.914,0.783,0.796,0.783,0.748,high,has,above,"Saint Lucia HDI reached 0.748 in 2023, placing it in the high human development category. The country has bounced back from the COVID-19 setback, with its development outcomes above pre-pandemic levels.",
Saint Lucia,LCA,2024,,0.756,0.749,,0.772,0.76,,0.93,0.92,,0.801,0.788,,,,,,
Saint Lucia,LCA,2025,,0.759,0.75,,0.777,0.764,,0.934,0.926,,0.806,0.793,,,,,,
Saint Vincent and the Grenadines,VCT,1990,,,,0.608,,,0.797,,,0.648,,,,,,,,
Saint Vincent and the Grenadines,VCT,1991,,,,0.611,,,0.8,,,0.653,,,,,,,,
Saint Vincent and the Grenadines,VCT,1992,,,,0.614,,,0.802,,,0.657,,,,,,,,
Saint Vincent and the Grenadines,VCT,1993,,,,0.617,,,0.804,,,0.661,,,,,,,,
Saint Vincent and the Grenadines,VCT,1994,,,,0.62,,,0.809,,,0.666,,,,,,,,
Saint Vincent and the Grenadines,VCT,1995,,,,0.625,,,0.812,,,0.67,,,,,,,,
Saint Vincent and the Grenadines,VCT,1996,,,,0.631,,,0.818,,,0.676,,,,,,,,
Saint Vincent and the Grenadines,VCT,1997,,,,0.636,,,0.824,,,0.683,,,,,,,,
Saint Vincent and the Grenadines,VCT,1998,,,,0.641,,,0.829,,,0.688,,,,,,,,
Saint Vincent and the Grenadines,VCT,1999,,,,0.646,,,0.832,,,0.692,,,,,,,,
Saint Vincent and the Grenadines,VCT,2000,0.7,,,0.651,,,0.838,,,0.697,,,,,,,,
Saint Vincent and the Grenadines,VCT,2001,0.704,,,0.657,,,0.843,,,0.702,,,,,,,,
Saint Vincent and the Grenadines,VCT,2002,0.71,,,0.662,,,0.847,,,0.706,,,,,,,,
Saint Vincent and the Grenadines,VCT,2003,0.715,,,0.669,,,0.852,,,0.711,,,,,,,,
Saint Vincent and the Grenadines,VCT,2004,0.719,,,0.675,,,0.857,,,0.717,,,,,,,,
Saint Vincent and the Grenadines,VCT,2005,0.724,,,0.681,,,0.861,,,0.723,,,,,,,,
Saint Vincent and the Grenadines,VCT,2006,0.731,,,0.688,,,0.866,,,0.729,,,,,,,,
Saint Vincent and the Grenadines,VCT,2007,0.737,,,0.694,,,0.87,,,0.736,,,,,,,,
Saint Vincent and the Grenadines,VCT,2008,0.741,,,0.698,,,0.872,,,0.742,,,,,,,,
Saint Vincent and the Grenadines,VCT,2009,0.745,,,0.701,,,0.874,,,0.743,,,,,,,,
Saint Vincent and the Grenadines,VCT,2010,0.746,,,0.707,,,0.879,,,0.747,,,,,,,,
Saint Vincent and the Grenadines,VCT,2011,0.749,,,0.713,,,0.883,,,0.753,,,,,,,,
Saint Vincent and the Grenadines,VCT,2012,0.753,,,0.717,,,0.886,,,0.758,,,,,,,,
Saint Vincent and the Grenadines,VCT,2013,0.755,,,0.721,,,0.892,,,0.762,,,,,,,,
Saint Vincent and the Grenadines,VCT,2014,0.759,,,0.726,,,0.895,,,0.765,,,,,,,,
Saint Vincent and the Grenadines,VCT,2015,0.765,,,0.731,,,0.898,,,0.767,,,,,,,,
Saint Vincent and the Grenadines,VCT,2016,0.771,,,0.735,,,0.9,,,0.769,,,,,,,,
Saint Vincent and the Grenadines,VCT,2017,0.778,,,0.739,,,0.903,,,0.772,,,,,,,,
Saint Vincent and the Grenadines,VCT,2018,0.783,,,0.741,,,0.906,,,0.774,,,,,,,,
Saint Vincent and the Grenadines,VCT,2019,0.787,,,0.745,,,0.909,,,0.776,,,,,,,,
Saint Vincent and the Grenadines,VCT,2020,0.781,0.792,,0.742,0.75,,0.901,0.913,,0.764,0.781,,,,,,,
Saint Vincent and the Grenadines,VCT,2021,0.781,0.797,,0.742,0.756,,0.903,0.917,,0.762,0.786,,,,,,,
Saint Vincent and the Grenadines,VCT,2022,0.794,0.802,,0.752,0.761,,0.908,0.921,,0.778,0.791,,,,,,,
Saint Vincent and the Grenadines,VCT,2023,0.798,0.807,0.798,0.756,0.766,0.756,0.914,0.926,0.914,0.783,0.796,0.783,0.798,high,has,above,"Saint Vincent and the Grenadines HDI reached 0.798 in 2023, placing it in the high human development category. The country has bounced back from the COVID-19 setback, with its development outcomes above pre-pandemic levels.",
Saint Vincent and the Grenadines,VCT,2024,,0.812,0.802,,0.772,0.76,,0.93,0.92,,0.801,0.788,,,,,,
Saint Vincent and the Grenadines,VCT,2025,,0.817,0.806,,0.777,0.764,,0.934,0.926,,0.806,0.793,,,,,,
Suriname,SUR,1990,,,,0.608,,,0.797,,,0.648,,,,,,,,
Suriname,SUR,1991,,,,0.611,,,0.8,,,0.653,,,,,,,,
Suriname,SUR,1992,,,,0.614,,,0.802,,,0.657,,,,,,,,
Suriname,SUR,1993,,,,0.617,,,0.804,,,0.661,,,,,,,,
Suriname,SUR,1994,,,,0.62,,,0.809,,,0.666,,,,,,,,
Suriname,SUR,1995,,,,0.625,,,0.812,,,0.67,,,,,,,,
Suriname,SUR,1996,,,,0.631,,,0.818,,,0.676,,,,,,,,
Suriname,SUR,1997,,,,0.636,,,0.824,,,0.683,,,,,,,,
Suriname,SUR,1998,,,,0.641,,,0.829,,,0.688,,,,,,,,
Suriname,SUR,1999,,,,0.646,,,0.832,,,0.692,,,,,,,,
Suriname,SUR,2000,,,,0.651,,,0.838,,,0.697,,,,,,,,
Suriname,SUR,2001,,,,0.657,,,0.843,,,0.702,,,,,,,,
Suriname,SUR,2002,,,,0.662,,,0.847,,,0.706,,,,,,,,
Suriname,SUR,2003,,,,0.669,,,0.852,,,0.711,,,,,,,,
Suriname,SUR,2004,0.679,,,0.675,,,0.857,,,0.717,,,,,,,,
Suriname,SUR,2005,0.685,,,0.681,,,0.861,,,0.723,,,,,,,,
Suriname,SUR,2006,0.69,,,0.688,,,0.866,,,0.729,,,,,,,,
Suriname,SUR,2007,0.697,,,0.694,,,0.87,,,0.736,,,,,,,,
Suriname,SUR,2008,0.701,,,0.698,,,0.872,,,0.742,,,,,,,,
Suriname,SUR,2009,0.704,,,0.701,,,0.874,,,0.743,,,,,,,,
Suriname,SUR,2010,0.707,,,0.707,,,0.879,,,0.747,,,,,,,,
Suriname,SUR,2011,0.708,,,0.713,,,0.883,,,0.753,,,,,,,,
Suriname,SUR,2012,0.711,,,0.717,,,0.886,,,0.758,,,,,,,,
Suriname,SUR,2013,0.714,,,0.721,,,0.892,,,0.762,,,,,,,,
Suriname,SUR,2014,0.715,,,0.726,,,0.895,,,0.765,,,,,,,,
Suriname,SUR,2015,0.718,,,0.731,,,0.898,,,0.767,,,,,,,,
Suriname,SUR,2016,0.716,,,0.735,,,0.9,,,0.769,,,,,,,,
Suriname,SUR,2017,0.715,,,0.739,,,0.903,,,0.772,,,,,,,,
Suriname,SUR,2018,0.719,,,0.741,,,0.906,,,0.774,,,,,,,,
Suriname,SUR,2019,0.72,,,0.745,,,0.909,,,0.776,,,,,,,,
Suriname,SUR,2020,0.714,0.723,,0.742,0.75,,0.901,0.913,,0.764,0.781,,,,,,,
Suriname,SUR,2021,0.697,0.726,,0.742,0.756,,0.903,0.917,,0.762,0.786,,,,,,,
Suriname,SUR,2022,0.719,0.729,,0.752,0.761,,0.908,0.921,,0.778,0.791,,,,,,,
Suriname,SUR,2023,0.722,0.731,0.722,0.756,0.766,0.756,0.914,0.926,0.914,0.783,0.796,0.783,0.722,high,has,above,"Suriname HDI reached 0.722 in 2023, placing it in the high human development category. The country has bounced back from the COVID-19 setback, with its development outcomes above pre-pandemic levels.",
Suriname,SUR,2024,,0.734,0.725,,0.772,0.76,,0.93,0.92,,0.801,0.788,,,,,,
Suriname,SUR,2025,,0.737,0.728,,0.777,0.764,,0.934,0.926,,0.806,0.793,,,,,,
Trinidad and Tobago,TTO,1990,0.661,,,0.608,,,0.797,,,0.648,,,,,,,,
Trinidad and Tobago,TTO,1991,0.665,,,0.611,,,0.8,,,0.653,,,,,,,,
Trinidad and Tobago,TTO,1992,0.665,,,0.614,,,0.802,,,0.657,,,,,,,,
Trinidad and Tobago,TTO,1993,0.667,,,0.617,,,0.804,,,0.661,,,,,,,,
Trinidad and Tobago,TTO,1994,0.672,,,0.62,,,0.809,,,0.666,,,,,,,,
Trinidad and Tobago,TTO,1995,0.677,,,0.625,,,0.812,,,0.67,,,,,,,,
Trinidad and Tobago,TTO,1996,0.684,,,0.631,,,0.818,,,0.676,,,,,,,,
Trinidad and Tobago,TTO,1997,0.692,,,0.636,,,0.824,,,0.683,,,,,,,,
Trinidad and Tobago,TTO,1998,0.7,,,0.641,,,0.829,,,0.688,,,,,,,,
Trinidad and Tobago,TTO,1999,0.708,,,0.646,,,0.832,,,0.692,,,,,,,,
Trinidad and Tobago,TTO,2000,0.714,,,0.651,,,0.838,,,0.697,,,,,,,,
Trinidad and Tobago,TTO,2001,0.721,,,0.657,,,0.843,,,0.702,,,,,,,,
Trinidad and Tobago,TTO,2002,0.73,,,0.662,,,0.847,,,0.706,,,,,,,,
Trinidad and Tobago,TTO,2003,0.74,,,0.669,,,0.852,,,0.711,,,,,,,,
Trinidad and Tobago,TTO,2004,0.75,,,0.675,,,0.857,,,0.717,,,,,,,,
Trinidad and Tobago,TTO,2005,0.756,,,0.681,,,0.861,,,0.723,,,,,,,,
Trinidad and Tobago,TTO,2006,0.766,,,0.688,,,0.866,,,0.729,,,,,,,,
Trinidad and Tobago,TTO,2007,0.774,,,0.694,,,0.87,,,0.736,,,,,,,,
Trinidad and Tobago,TTO,2008,0.782,,,0.698,,,0.872,,,0.742,,,,,,,,
Trinidad and Tobago,TTO,2009,0.782,,,0.701,,,0.874,,,0.743,,,,,,,,
Trinidad and Tobago,TTO,2010,0.789,,,0.707,,,0.879,,,0.747,,,,,,,,
Trinidad and Tobago,TTO,2011,0.792,,,0.713,,,0.883,,,0.753,,,,,,,,
Trinidad and Tobago,TTO,2012,0.796,,,0.717,,,0.886,,,0.758,,,,,,,,
Trinidad and Tobago,TTO,2013,0.802,,,0.721,,,0.892,,,0.762,,,,,,,,
Trinidad and Tobago,TTO,2014,0.805,,,0.726,,,0.895,,,0.765,,,,,,,,
Trinidad and Tobago,TTO,2015,0.808,,,0.731,,,0.898,,,0.767,,,,,,,,
Trinidad and Tobago,TTO,2016,0.806,,,0.735,,,0.9,,,0.769,,,,,,,,
Trinidad and Tobago,TTO,2017,0.806,,,0.739,,,0.903,,,0.772,,,,,,,,
Trinidad and Tobago,TTO,2018,0.803,,,0.741,,,0.906,,,0.774,,,,,,,,
Trinidad and Tobago,TTO,2019,0.805,,,0.745,,,0.909,,,0.776,,,,,,,,
Trinidad and Tobago,TTO,2020,0.8,0.81,,0.742,0.75,,0.901,0.913,,0.764,0.781,,,,,,,
Trinidad and Tobago,TTO,2021,0.796,0.816,,0.742,0.756,,0.903,0.917,,0.762,0.786,,,,,,,
Trinidad and Tobago,TTO,2022,0.805,0.822,,0.752,0.761,,0.908,0.921,,0.778,0.791,,,,,,,
Trinidad and Tobago,TTO,2023,0.807,0.827,0.807,0.756,0.766,0.756,0.914,0.926,0.914,0.783,0.796,0.783,0.807,very high,has,above,"Trinidad and Tobago HDI reached 0.807 in 2023, placing it in the very high human development category. The country has bounced back from the COVID-19 setback, with its development outcomes above pre-pandemic levels.",
Trinidad and Tobago,TTO,2024,,0.833,0.809,,0.772,0.76,,0.93,0.92,,0.801,0.788,,,,,,
Trinidad and Tobago,TTO,2025,,0.839,0.811,,0.777,0.764,,0.934,0.926,,0.806,0.793,,,,,,
Uruguay,URY,1990,0.713,,,0.608,,,0.797,,,0.648,,,,,,,,
Uruguay,URY,1991,0.717,,,0.611,,,0.8,,,0.653,,,,,,,,
Uruguay,URY,1992,0.719,,,0.614,,,0.802,,,0.657,,,,,,,,
Uruguay,URY,1993,0.722,,,0.617,,,0.804,,,0.661,,,,,,,,
Uruguay,URY,1994,0.727,,,0.62,,,0.809,,,0.666,,,,,,,,
Uruguay,URY,1995,0.729,,,0.625,,,0.812,,,0.67,,,,,,,,
Uruguay,URY,1996,0.736,,,0.631,,,0.818,,,0.676,,,,,,,,
Uruguay,URY,1997,0.747,,,0.636,,,0.824,,,0.683,,,,,,,,
Uruguay,URY,1998,0.757,,,0.641,,,0.829,,,0.688,,,,,,,,
Uruguay,URY,1999,0.76,,,0.646,,,0.832,,,0.692,,,,,,,,
Uruguay,URY,2000,0.764,,,0.651,,,0.838,,,0.697,,,,,,,,
Uruguay,URY,2001,0.771,,,0.657,,,0.843,,,0.702,,,,,,,,
Uruguay,URY,2002,0.775,,,0.662,,,0.847,,,0.706,,,,,,,,
Uruguay,URY,2003,0.78,,,0.669,,,0.852,,,0.711,,,,,,,,
Uruguay,URY,2004,0.779,,,0.675,,,0.857,,,0.717,,,,,,,,
Uruguay,URY,2005,0.778,,,0.681,,,0.861,,,0.723,,,,,,,,
Uruguay,URY,2006,0.777,,,0.688,,,0.866,,,0.729,,,,,,,,
Uruguay,URY,2007,0.78,,,0.694,,,0.87,,,0.736,,,,,,,,
Uruguay,URY,2008,0.783,,,0.698,,,0.872,,,0.742,,,,,,,,
Uruguay,URY,2009,0.787,,,0.701,,,0.874,,,0.743,,,,,,,,
Uruguay,URY,2010,0.796,,,0.707,,,0.879,,,0.747,,,,,,,,
Uruguay,URY,2011,0.801,,,0.713,,,0.883,,,0.753,,,,,,,,
Uruguay,URY,2012,0.804,,,0.717,,,0.886,,,0.758,,,,,,,,
Uruguay,URY,2013,0.812,,,0.721,,,0.892,,,0.762,,,,,,,,
Uruguay,URY,2014,0.816,,,0.726,,,0.895,,,0.765,,,,,,,,
Uruguay,URY,2015,0.818,,,0.731,,,0.898,,,0.767,,,,,,,,
Uruguay,URY,2016,0.821,,,0.735,,,0.9,,,0.769,,,,,,,,
Uruguay,URY,2017,0.827,,,0.739,,,0.903,,,0.772,,,,,,,,
Uruguay,URY,2018,0.826,,,0.741,,,0.906,,,0.774,,,,,,,,
Uruguay,URY,2019,0.83,,,0.745,,,0.909,,,0.776,,,,,,,,
Uruguay,URY,2020,0.837,0.834,,0.742,0.75,,0.901,0.913,,0.764,0.781,,,,,,,
Uruguay,URY,2021,0.837,0.839,,0.742,0.756,,0.903,0.917,,0.762,0.786,,,,,,,
Uruguay,URY,2022,0.852,0.843,,0.752,0.761,,0.908,0.921,,0.778,0.791,,,,,,,
Uruguay,URY,2023,0.862,0.848,0.862,0.756,0.766,0.756,0.914,0.926,0.914,0.783,0.796,0.783,0.862,very high,has,above,"Uruguay HDI reached 0.862 in 2023, placing it in the very high human development category. The country has bounced back from the COVID-19 setback, with its development outcomes above pre-pandemic levels.",
Uruguay,URY,2024,,0.852,0.872,,0.772,0.76,,0.93,0.92,,0.801,0.788,,,,,,
Uruguay,URY,2025,,0.857,0.882,,0.777,0.764,,0.934,0.926,,0.806,0.793,,,,,,
Venezuela,VEN,1990,0.658,,,0.608,,,0.797,,,0.648,,,,,,,,
Venezuela,VEN,1991,0.669,,,0.611,,,0.8,,,0.653,,,,,,,,
Venezuela,VEN,1992,0.676,,,0.614,,,0.802,,,0.657,,,,,,,,
Venezuela,VEN,1993,0.68,,,0.617,,,0.804,,,0.661,,,,,,,,
Venezuela,VEN,1994,0.681,,,0.62,,,0.809,,,0.666,,,,,,,,
Venezuela,VEN,1995,0.687,,,0.625,,,0.812,,,0.67,,,,,,,,
Venezuela,VEN,1996,0.69,,,0.631,,,0.818,,,0.676,,,,,,,,
Venezuela,VEN,1997,0.698,,,0.636,,,0.824,,,0.683,,,,,,,,
Venezuela,VEN,1998,0.7,,,0.641,,,0.829,,,0.688,,,,,,,,
Venezuela,VEN,1999,0.698,,,0.646,,,0.832,,,0.692,,,,,,,,
Venezuela,VEN,2000,0.703,,,0.651,,,0.838,,,0.697,,,,,,,,
Venezuela,VEN,2001,0.708,,,0.657,,,0.843,,,0.702,,,,,,,,
Venezuela,VEN,2002,0.716,,,0.662,,,0.847,,,0.706,,,,,,,,
Venezuela,VEN,2003,0.707,,,0.669,,,0.852,,,0.711,,,,,,,,
Venezuela,VEN,2004,0.718,,,0.675,,,0.857,,,0.717,,,,,,,,
Venezuela,VEN,2005,0.728,,,0.681,,,0.861,,,0.723,,,,,,,,
Venezuela,VEN,2006,0.736,,,0.688,,,0.866,,,0.729,,,,,,,,
Venezuela,VEN,2007,0.753,,,0.694,,,0.87,,,0.736,,,,,,,,
Venezuela,VEN,2008,0.759,,,0.698,,,0.872,,,0.742,,,,,,,,
Venezuela,VEN,2009,0.76,,,0.701,,,0.874,,,0.743,,,,,,,,
Venezuela,VEN,2010,0.764,,,0.707,,,0.879,,,0.747,,,,,,,,
Venezuela,VEN,2011,0.77,,,0.713,,,0.883,,,0.753,,,,,,,,
Venezuela,VEN,2012,0.772,,,0.717,,,0.886,,,0.758,,,,,,,,
Venezuela,VEN,2013,0.773,,,0.721,,,0.892,,,0.762,,,,,,,,
Venezuela,VEN,2014,0.77,,,0.726,,,0.895,,,0.765,,,,,,,,
Venezuela,VEN,2015,0.768,,,0.731,,,0.898,,,0.767,,,,,,,,
Venezuela,VEN,2016,0.761,,,0.735,,,0.9,,,0.769,,,,,,,,
Venezuela,VEN,2017,0.749,,,0.739,,,0.903,,,0.772,,,,,,,,
Venezuela,VEN,2018,0.741,,,0.741,,,0.906,,,0.774,,,,,,,,
Venezuela,VEN,2019,0.724,,,0.745,,,0.909,,,0.776,,,,,,,,
Venezuela,VEN,2020,0.699,0.726,,0.742,0.75,,0.901,0.913,,0.764,0.781,,,,,,,
Venezuela,VEN,2021,0.696,0.729,,0.742,0.756,,0.903,0.917,,0.762,0.786,,,,,,,
Venezuela,VEN,2022,0.706,0.731,,0.752,0.761,,0.908,0.921,,0.778,0.791,,,,,,,
Venezuela,VEN,2023,0.709,0.734,0.709,0.756,0.766,0.756,0.914,0.926,0.914,0.783,0.796,0.783,0.709,high,has not,below,"Venezuela, Bolivarian Republic of HDI reached 0.709 in 2023, placing it in the high human development category. The country has not bounced back from the COVID-19 setback, with its development outcomes below pre-pandemic levels.",
Venezuela,VEN,2024,,0.736,0.712,,0.772,0.76,,0.93,0.92,,0.801,0.788,,,,,,
Venezuela,VEN,2025,,0.739,0.715,,0.777,0.764,,0.934,0.926,,0.806,0.793,,,,,,