country,iso_code_3,year,HDI growth (%),period,Period average growth
Antigua and Barbuda,ATG,1991,,1990s,
Antigua and Barbuda,ATG,1992,,1990s,
Antigua and Barbuda,ATG,1993,,1990s,
Antigua and Barbuda,ATG,1994,,1990s,
Antigua and Barbuda,ATG,1995,,1990s,
Antigua and Barbuda,ATG,1996,,1990s,
Antigua and Barbuda,ATG,1997,,1990s,
Antigua and Barbuda,ATG,1998,,1990s,
Antigua and Barbuda,ATG,1999,,1990s,
Antigua and Barbuda,ATG,2000,,2000s,0
Antigua and Barbuda,ATG,2001,,2000s,0
Antigua and Barbuda,ATG,2002,,2000s,0
Antigua and Barbuda,ATG,2003,,2000s,0
Antigua and Barbuda,ATG,2004,,2000s,0
Antigua and Barbuda,ATG,2005,,2000s,0
Antigua and Barbuda,ATG,2006,,2000s,0
Antigua and Barbuda,ATG,2007,,2000s,0
Antigua and Barbuda,ATG,2008,0.36276,2000s,0
Antigua and Barbuda,ATG,2009,-0.36145,2000s,0
Antigua and Barbuda,ATG,2010,0.12092,2010s,0.24
Antigua and Barbuda,ATG,2011,0,2010s,0.24
Antigua and Barbuda,ATG,2012,0.60386,2010s,0.24
Antigua and Barbuda,ATG,2013,0.2401,2010s,0.24
Antigua and Barbuda,ATG,2014,0.23952,2010s,0.24
Antigua and Barbuda,ATG,2015,0.23895,2015s,0.33
Antigua and Barbuda,ATG,2016,0.35757,2015s,0.33
Antigua and Barbuda,ATG,2017,0.35629,2015s,0.33
Antigua and Barbuda,ATG,2018,0.59172,2015s,0.33
Antigua and Barbuda,ATG,2019,0.11765,2015s,0.33
Antigua and Barbuda,ATG,2020,-1.2926,2020s,0
Antigua and Barbuda,ATG,2021,0.35714,2020s,0
Antigua and Barbuda,ATG,2022,0.59312,2020s,0
Antigua and Barbuda,ATG,2023,0.35377,2020s,0
Argentina,ARG,1991,0.81855,1990s,0.74
Argentina,ARG,1992,0.54127,1990s,0.74
Argentina,ARG,1993,0.67295,1990s,0.74
Argentina,ARG,1994,0.66845,1990s,0.74
Argentina,ARG,1995,0.1328,1990s,0.74
Argentina,ARG,1996,0.79576,1990s,0.74
Argentina,ARG,1997,1.05263,1990s,0.74
Argentina,ARG,1998,0.52083,1990s,0.74
Argentina,ARG,1999,1.42487,1990s,0.74
Argentina,ARG,2000,0.76628,2000s,0.65
Argentina,ARG,2001,0.76046,2000s,0.65
Argentina,ARG,2002,0,2000s,0.65
Argentina,ARG,2003,1.13208,2000s,0.65
Argentina,ARG,2004,0.49751,2000s,0.65
Argentina,ARG,2005,0.49505,2000s,0.65
Argentina,ARG,2006,1.23153,2000s,0.65
Argentina,ARG,2007,0.36496,2000s,0.65
Argentina,ARG,2008,0.9697,2000s,0.65
Argentina,ARG,2009,0.2401,2000s,0.65
Argentina,ARG,2010,1.07784,2010s,0.48
Argentina,ARG,2011,0.94787,2010s,0.48
Argentina,ARG,2012,-0.23474,2010s,0.48
Argentina,ARG,2013,0.23529,2010s,0.48
Argentina,ARG,2014,0.35211,2010s,0.48
Argentina,ARG,2015,0.46784,2015s,0.14
Argentina,ARG,2016,-0.23283,2015s,0.14
Argentina,ARG,2017,0.46674,2015s,0.14
Argentina,ARG,2018,0,2015s,0.14
Argentina,ARG,2019,0,2015s,0.14
Argentina,ARG,2020,-1.16144,2020s,0.12
Argentina,ARG,2021,-0.47004,2020s,0.12
Argentina,ARG,2022,1.2987,2020s,0.12
Argentina,ARG,2023,0.81585,2020s,0.12
Bahamas,BHS,1991,0,1990s,0.3
Bahamas,BHS,1992,0,1990s,0.3
Bahamas,BHS,1993,0.13123,1990s,0.3
Bahamas,BHS,1994,0.26212,1990s,0.3
Bahamas,BHS,1995,1.17647,1990s,0.3
Bahamas,BHS,1996,0.64599,1990s,0.3
Bahamas,BHS,1997,-0.77022,1990s,0.3
Bahamas,BHS,1998,0.51746,1990s,0.3
Bahamas,BHS,1999,0.7722,1990s,0.3
Bahamas,BHS,2000,0.51086,2000s,0.22
Bahamas,BHS,2001,0.38119,2000s,0.22
Bahamas,BHS,2002,0.37975,2000s,0.22
Bahamas,BHS,2003,0.1261,2000s,0.22
Bahamas,BHS,2004,0.12594,2000s,0.22
Bahamas,BHS,2005,0.37736,2000s,0.22
Bahamas,BHS,2006,0.25063,2000s,0.22
Bahamas,BHS,2007,0.125,2000s,0.22
Bahamas,BHS,2008,0,2000s,0.22
Bahamas,BHS,2009,-0.12484,2000s,0.22
Bahamas,BHS,2010,0.125,2010s,0.17
Bahamas,BHS,2011,0.12484,2010s,0.17
Bahamas,BHS,2012,0.37406,2010s,0.17
Bahamas,BHS,2013,0,2010s,0.17
Bahamas,BHS,2014,0.24845,2010s,0.17
Bahamas,BHS,2015,0,2015s,-0.17
Bahamas,BHS,2016,0.12392,2015s,-0.17
Bahamas,BHS,2017,0.24752,2015s,-0.17
Bahamas,BHS,2018,0.24691,2015s,-0.17
Bahamas,BHS,2019,-1.47783,2015s,-0.17
Bahamas,BHS,2020,-0.375,2020s,0.63
Bahamas,BHS,2021,-0.37641,2020s,0.63
Bahamas,BHS,2022,3.02267,2020s,0.63
Bahamas,BHS,2023,0.2445,2020s,0.63
Barbados,BRB,1991,0.27397,1990s,0.39
Barbados,BRB,1992,0,1990s,0.39
Barbados,BRB,1993,0.40984,1990s,0.39
Barbados,BRB,1994,0.68027,1990s,0.39
Barbados,BRB,1995,0.54054,1990s,0.39
Barbados,BRB,1996,0.53763,1990s,0.39
Barbados,BRB,1997,0.53476,1990s,0.39
Barbados,BRB,1998,0.26596,1990s,0.39
Barbados,BRB,1999,0.26525,1990s,0.39
Barbados,BRB,2000,0.79365,2000s,0.54
Barbados,BRB,2001,0.13123,2000s,0.54
Barbados,BRB,2002,0.52425,2000s,0.54
Barbados,BRB,2003,0.52151,2000s,0.54
Barbados,BRB,2004,0.51881,2000s,0.54
Barbados,BRB,2005,0.51613,2000s,0.54
Barbados,BRB,2006,0.51348,2000s,0.54
Barbados,BRB,2007,0.894,2000s,0.54
Barbados,BRB,2008,0.50633,2000s,0.54
Barbados,BRB,2009,0.50378,2000s,0.54
Barbados,BRB,2010,-0.12531,2010s,0.03
Barbados,BRB,2011,-0.37641,2010s,0.03
Barbados,BRB,2012,0.37783,2010s,0.03
Barbados,BRB,2013,0.12547,2010s,0.03
Barbados,BRB,2014,0.12531,2010s,0.03
Barbados,BRB,2015,0.12516,2015s,0.22
Barbados,BRB,2016,0.375,2015s,0.22
Barbados,BRB,2017,0.12453,2015s,0.22
Barbados,BRB,2018,0.24876,2015s,0.22
Barbados,BRB,2019,0.24814,2015s,0.22
Barbados,BRB,2020,-0.61881,2020s,0.09
Barbados,BRB,2021,0,2020s,0.09
Barbados,BRB,2022,0.49813,2020s,0.09
Barbados,BRB,2023,0.49566,2020s,0.09
Belize,BLZ,1991,1.45867,1990s,0.82
Belize,BLZ,1992,1.27796,1990s,0.82
Belize,BLZ,1993,0.94637,1990s,0.82
Belize,BLZ,1994,0.46875,1990s,0.82
Belize,BLZ,1995,0.62208,1990s,0.82
Belize,BLZ,1996,0.46368,1990s,0.82
Belize,BLZ,1997,0.61538,1990s,0.82
Belize,BLZ,1998,0.45872,1990s,0.82
Belize,BLZ,1999,1.06545,1990s,0.82
Belize,BLZ,2000,1.05422,2000s,0.87
Belize,BLZ,2001,0.74516,2000s,0.87
Belize,BLZ,2002,1.47929,2000s,0.87
Belize,BLZ,2003,1.45773,2000s,0.87
Belize,BLZ,2004,1.00575,2000s,0.87
Belize,BLZ,2005,-0.42674,2000s,0.87
Belize,BLZ,2006,1.85714,2000s,0.87
Belize,BLZ,2007,0.70126,2000s,0.87
Belize,BLZ,2008,0.27855,2000s,0.87
Belize,BLZ,2009,0.55556,2000s,0.87
Belize,BLZ,2010,0.41436,2010s,-0.08
Belize,BLZ,2011,-0.2751,2010s,-0.08
Belize,BLZ,2012,0.27586,2010s,-0.08
Belize,BLZ,2013,-0.41265,2010s,-0.08
Belize,BLZ,2014,-0.41436,2010s,-0.08
Belize,BLZ,2015,0,2015s,0.11
Belize,BLZ,2016,0.83218,2015s,0.11
Belize,BLZ,2017,-0.68776,2015s,0.11
Belize,BLZ,2018,0.1385,2015s,0.11
Belize,BLZ,2019,0.27663,2015s,0.11
Belize,BLZ,2020,-1.65517,2020s,-0.13
Belize,BLZ,2021,0,2020s,-0.13
Belize,BLZ,2022,0.56101,2020s,-0.13
Belize,BLZ,2023,0.55788,2020s,-0.13
Bolivia,BOL,1991,1.63043,1990s,1.37
Bolivia,BOL,1992,1.24777,1990s,1.37
Bolivia,BOL,1993,1.58451,1990s,1.37
Bolivia,BOL,1994,1.55979,1990s,1.37
Bolivia,BOL,1995,1.36519,1990s,1.37
Bolivia,BOL,1996,1.3468,1990s,1.37
Bolivia,BOL,1997,1.3289,1990s,1.37
Bolivia,BOL,1998,1.31148,1990s,1.37
Bolivia,BOL,1999,0.97087,1990s,1.37
Bolivia,BOL,2000,0.96154,2000s,0.73
Bolivia,BOL,2001,1.42857,2000s,0.73
Bolivia,BOL,2002,0.46948,2000s,0.73
Bolivia,BOL,2003,0.46729,2000s,0.73
Bolivia,BOL,2004,0.46512,2000s,0.73
Bolivia,BOL,2005,1.54321,2000s,0.73
Bolivia,BOL,2006,-0.30395,2000s,0.73
Bolivia,BOL,2007,1.21951,2000s,0.73
Bolivia,BOL,2008,0.60241,2000s,0.73
Bolivia,BOL,2009,0.4491,2000s,0.73
Bolivia,BOL,2010,0.89419,2010s,0.88
Bolivia,BOL,2011,0.88626,2010s,0.88
Bolivia,BOL,2012,0.29283,2010s,0.88
Bolivia,BOL,2013,2.0438,2010s,0.88
Bolivia,BOL,2014,0.28612,2010s,0.88
Bolivia,BOL,2015,0.42796,2015s,0.76
Bolivia,BOL,2016,1.42045,2015s,0.76
Bolivia,BOL,2017,0.14006,2015s,0.76
Bolivia,BOL,2018,0.97902,2015s,0.76
Bolivia,BOL,2019,0.83102,2015s,0.76
Bolivia,BOL,2020,-4.25824,2020s,0.22
Bolivia,BOL,2021,-0.57389,2020s,0.22
Bolivia,BOL,2022,4.9062,2020s,0.22
Bolivia,BOL,2023,0.82531,2020s,0.22
Brazil,BRA,1991,0.62402,1990s,0.72
Brazil,BRA,1992,0.46512,1990s,0.72
Brazil,BRA,1993,0.92593,1990s,0.72
Brazil,BRA,1994,0.76453,1990s,0.72
Brazil,BRA,1995,1.06222,1990s,0.72
Brazil,BRA,1996,0.75075,1990s,0.72
Brazil,BRA,1997,0.74516,1990s,0.72
Brazil,BRA,1998,0.59172,1990s,0.72
Brazil,BRA,1999,0.58824,1990s,0.72
Brazil,BRA,2000,0.87719,2000s,0.82
Brazil,BRA,2001,0.57971,2000s,0.82
Brazil,BRA,2002,0.86455,2000s,0.82
Brazil,BRA,2003,0.71429,2000s,0.82
Brazil,BRA,2004,0.99291,2000s,0.82
Brazil,BRA,2005,0.8427,2000s,0.82
Brazil,BRA,2006,0.97493,2000s,0.82
Brazil,BRA,2007,0.96552,2000s,0.82
Brazil,BRA,2008,0.95628,2000s,0.82
Brazil,BRA,2009,0.40595,2000s,0.82
Brazil,BRA,2010,0.80863,2010s,0.61
Brazil,BRA,2011,0.66845,2010s,0.61
Brazil,BRA,2012,0.66401,2010s,0.61
Brazil,BRA,2013,0.5277,2010s,0.61
Brazil,BRA,2014,0.3937,2010s,0.61
Brazil,BRA,2015,-0.13072,2015s,0.29
Brazil,BRA,2016,0.13089,2015s,0.29
Brazil,BRA,2017,0.65359,2015s,0.29
Brazil,BRA,2018,0.51948,2015s,0.29
Brazil,BRA,2019,0.2584,2015s,0.29
Brazil,BRA,2020,-0.7732,2020s,0.32
Brazil,BRA,2021,-0.25974,2020s,0.32
Brazil,BRA,2022,1.5625,2020s,0.32
Brazil,BRA,2023,0.76923,2020s,0.32
Chile,CHL,1991,0.69638,1990s,0.72
Chile,CHL,1992,0.96819,1990s,0.72
Chile,CHL,1993,-0.68493,1990s,0.72
Chile,CHL,1994,0.68966,1990s,0.72
Chile,CHL,1995,1.23288,1990s,0.72
Chile,CHL,1996,0.81191,1990s,0.72
Chile,CHL,1997,0.9396,1990s,0.72
Chile,CHL,1998,0.93085,1990s,0.72
Chile,CHL,1999,0.92227,1990s,0.72
Chile,CHL,2000,0.65274,2000s,0.67
Chile,CHL,2001,0.90791,2000s,0.67
Chile,CHL,2002,0.77121,2000s,0.67
Chile,CHL,2003,0.63776,2000s,0.67
Chile,CHL,2004,1.01394,2000s,0.67
Chile,CHL,2005,0.87829,2000s,0.67
Chile,CHL,2006,0,2000s,0.67
Chile,CHL,2007,0.99502,2000s,0.67
Chile,CHL,2008,0.98522,2000s,0.67
Chile,CHL,2009,-0.12195,2000s,0.67
Chile,CHL,2010,0.4884,2010s,0.72
Chile,CHL,2011,0,2010s,0.72
Chile,CHL,2012,1.09356,2010s,0.72
Chile,CHL,2013,1.5625,2010s,0.72
Chile,CHL,2014,0.47337,2010s,0.72
Chile,CHL,2015,0.70671,2015s,0.42
Chile,CHL,2016,0.46784,2015s,0.42
Chile,CHL,2017,0.34924,2015s,0.42
Chile,CHL,2018,0.46404,2015s,0.42
Chile,CHL,2019,0.11547,2015s,0.42
Chile,CHL,2020,-1.26874,2020s,0.32
Chile,CHL,2021,1.0514,2020s,0.32
Chile,CHL,2022,0.46243,2020s,0.32
Chile,CHL,2023,1.03567,2020s,0.32
Colombia,COL,1991,1.1236,1990s,0.86
Colombia,COL,1992,1.42857,1990s,0.86
Colombia,COL,1993,0.93897,1990s,0.86
Colombia,COL,1994,0.77519,1990s,0.86
Colombia,COL,1995,0.76923,1990s,0.86
Colombia,COL,1996,1.22137,1990s,0.86
Colombia,COL,1997,1.05581,1990s,0.86
Colombia,COL,1998,0.89552,1990s,0.86
Colombia,COL,1999,-0.44379,1990s,0.86
Colombia,COL,2000,0.89153,2000s,0.9
Colombia,COL,2001,0.29455,2000s,0.9
Colombia,COL,2002,0.44053,2000s,0.9
Colombia,COL,2003,1.02339,2000s,0.9
Colombia,COL,2004,1.15774,2000s,0.9
Colombia,COL,2005,1.71674,2000s,0.9
Colombia,COL,2006,0.14065,2000s,0.9
Colombia,COL,2007,1.68539,2000s,0.9
Colombia,COL,2008,0.96685,2000s,0.9
Colombia,COL,2009,0.68399,2000s,0.9
Colombia,COL,2010,0.67935,2010s,0.72
Colombia,COL,2011,0.80972,2010s,0.72
Colombia,COL,2012,0.13387,2010s,0.72
Colombia,COL,2013,1.60428,2010s,0.72
Colombia,COL,2014,0.39474,2010s,0.72
Colombia,COL,2015,0.52425,2015s,0.36
Colombia,COL,2016,0.65189,2015s,0.36
Colombia,COL,2017,0.25907,2015s,0.36
Colombia,COL,2018,0.1292,2015s,0.36
Colombia,COL,2019,0.25806,2015s,0.36
Colombia,COL,2020,-1.6731,2020s,0.36
Colombia,COL,2021,-0.26178,2020s,0.36
Colombia,COL,2022,2.62467,2020s,0.36
Colombia,COL,2023,0.76726,2020s,0.36
Costa Rica,CRI,1991,0.73855,1990s,0.64
Costa Rica,CRI,1992,1.31965,1990s,0.64
Costa Rica,CRI,1993,0.72359,1990s,0.64
Costa Rica,CRI,1994,0.71839,1990s,0.64
Costa Rica,CRI,1995,0.71327,1990s,0.64
Costa Rica,CRI,1996,0.14164,1990s,0.64
Costa Rica,CRI,1997,0.70721,1990s,0.64
Costa Rica,CRI,1998,0.2809,1990s,0.64
Costa Rica,CRI,1999,0.42017,1990s,0.64
Costa Rica,CRI,2000,0.41841,2000s,0.76
Costa Rica,CRI,2001,0.83333,2000s,0.76
Costa Rica,CRI,2002,0.55096,2000s,0.76
Costa Rica,CRI,2003,0.82192,2000s,0.76
Costa Rica,CRI,2004,0.67935,2000s,0.76
Costa Rica,CRI,2005,0.94467,2000s,0.76
Costa Rica,CRI,2006,0.93583,2000s,0.76
Costa Rica,CRI,2007,0.66225,2000s,0.76
Costa Rica,CRI,2008,1.18421,2000s,0.76
Costa Rica,CRI,2009,0.52016,2000s,0.76
Costa Rica,CRI,2010,0.3881,2010s,0.74
Costa Rica,CRI,2011,0.90206,2010s,0.74
Costa Rica,CRI,2012,0.76628,2010s,0.74
Costa Rica,CRI,2013,0.76046,2010s,0.74
Costa Rica,CRI,2014,0.8805,2010s,0.74
Costa Rica,CRI,2015,0.12469,2015s,0.47
Costa Rica,CRI,2016,0.24907,2015s,0.47
Costa Rica,CRI,2017,0.49689,2015s,0.47
Costa Rica,CRI,2018,0.49444,2015s,0.47
Costa Rica,CRI,2019,0.98401,2015s,0.47
Costa Rica,CRI,2020,-0.24361,2020s,0.37
Costa Rica,CRI,2021,-0.2442,2020s,0.37
Costa Rica,CRI,2022,0.73439,2020s,0.37
Costa Rica,CRI,2023,1.21507,2020s,0.37
Cuba,CUB,1991,-0.87336,1990s,0.05
Cuba,CUB,1992,-1.0279,1990s,0.05
Cuba,CUB,1993,-1.33531,1990s,0.05
Cuba,CUB,1994,-0.45113,1990s,0.05
Cuba,CUB,1995,0.30211,1990s,0.05
Cuba,CUB,1996,1.65663,1990s,0.05
Cuba,CUB,1997,0.59259,1990s,0.05
Cuba,CUB,1998,0.5891,1990s,0.05
Cuba,CUB,1999,1.02489,1990s,0.05
Cuba,CUB,2000,1.01449,2000s,1.34
Cuba,CUB,2001,1.14778,2000s,1.34
Cuba,CUB,2002,0.85106,2000s,1.34
Cuba,CUB,2003,1.40647,2000s,1.34
Cuba,CUB,2004,1.80305,2000s,1.34
Cuba,CUB,2005,1.77112,2000s,1.34
Cuba,CUB,2006,2.54351,2000s,1.34
Cuba,CUB,2007,1.82768,2000s,1.34
Cuba,CUB,2008,1.02564,2000s,1.34
Cuba,CUB,2009,0,2000s,1.34
Cuba,CUB,2010,-0.63452,2010s,-0.46
Cuba,CUB,2011,-0.25543,2010s,-0.46
Cuba,CUB,2012,-0.51216,2010s,-0.46
Cuba,CUB,2013,-0.7722,2010s,-0.46
Cuba,CUB,2014,-0.1297,2010s,-0.46
Cuba,CUB,2015,-0.12987,2015s,-0.03
Cuba,CUB,2016,-0.26008,2015s,-0.03
Cuba,CUB,2017,0,2015s,-0.03
Cuba,CUB,2018,0.26076,2015s,-0.03
Cuba,CUB,2019,0,2015s,-0.03
Cuba,CUB,2020,-0.91027,2020s,-0.21
Cuba,CUB,2021,-2.23097,2020s,-0.21
Cuba,CUB,2022,2.55034,2020s,-0.21
Cuba,CUB,2023,-0.26178,2020s,-0.21
Dominica,DMA,1991,,1990s,
Dominica,DMA,1992,,1990s,
Dominica,DMA,1993,,1990s,
Dominica,DMA,1994,,1990s,
Dominica,DMA,1995,,1990s,
Dominica,DMA,1996,,1990s,
Dominica,DMA,1997,,1990s,
Dominica,DMA,1998,,1990s,
Dominica,DMA,1999,,1990s,
Dominica,DMA,2000,,2000s,0.38
Dominica,DMA,2001,0.55479,2000s,0.38
Dominica,DMA,2002,-0.13793,2000s,0.38
Dominica,DMA,2003,0.55249,2000s,0.38
Dominica,DMA,2004,0.27473,2000s,0.38
Dominica,DMA,2005,0.27397,2000s,0.38
Dominica,DMA,2006,0.68306,2000s,0.38
Dominica,DMA,2007,0.40706,2000s,0.38
Dominica,DMA,2008,0.67568,2000s,0.38
Dominica,DMA,2009,0.13423,2000s,0.38
Dominica,DMA,2010,0.13405,2010s,0.05
Dominica,DMA,2011,-0.26774,2010s,0.05
Dominica,DMA,2012,0,2010s,0.05
Dominica,DMA,2013,0,2010s,0.05
Dominica,DMA,2014,0.40268,2010s,0.05
Dominica,DMA,2015,-0.93583,2015s,0.28
Dominica,DMA,2016,1.34953,2015s,0.28
Dominica,DMA,2017,-2.13049,2015s,0.28
Dominica,DMA,2018,2.72109,2015s,0.28
Dominica,DMA,2019,0.39735,2015s,0.28
Dominica,DMA,2020,-0.65963,2020s,0.1
Dominica,DMA,2021,-0.53121,2020s,0.1
Dominica,DMA,2022,1.33511,2020s,0.1
Dominica,DMA,2023,0.2635,2020s,0.1
Dominican Republic,DOM,1991,0.8489,1990s,1.14
Dominican Republic,DOM,1992,1.6835,1990s,1.14
Dominican Republic,DOM,1993,1.15894,1990s,1.14
Dominican Republic,DOM,1994,0.982,1990s,1.14
Dominican Republic,DOM,1995,1.13452,1990s,1.14
Dominican Republic,DOM,1996,1.12179,1990s,1.14
Dominican Republic,DOM,1997,1.26783,1990s,1.14
Dominican Republic,DOM,1998,0.93897,1990s,1.14
Dominican Republic,DOM,1999,1.08527,1990s,1.14
Dominican Republic,DOM,2000,0.92025,2000s,0.81
Dominican Republic,DOM,2001,0.75988,2000s,0.81
Dominican Republic,DOM,2002,0.75415,2000s,0.81
Dominican Republic,DOM,2003,0.2994,2000s,0.81
Dominican Republic,DOM,2004,0.44776,2000s,0.81
Dominican Republic,DOM,2005,1.48588,2000s,0.81
Dominican Republic,DOM,2006,1.1713,2000s,0.81
Dominican Republic,DOM,2007,1.01302,2000s,0.81
Dominican Republic,DOM,2008,0.8596,2000s,0.81
Dominican Republic,DOM,2009,0.42614,2000s,0.81
Dominican Republic,DOM,2010,1.13154,2010s,0.83
Dominican Republic,DOM,2011,0.83916,2010s,0.83
Dominican Republic,DOM,2012,0.83218,2010s,0.83
Dominican Republic,DOM,2013,0.55021,2010s,0.83
Dominican Republic,DOM,2014,0.82079,2010s,0.83
Dominican Republic,DOM,2015,1.35685,2015s,0.91
Dominican Republic,DOM,2016,2.54351,2015s,0.91
Dominican Republic,DOM,2017,0.52219,2015s,0.91
Dominican Republic,DOM,2018,0.38961,2015s,0.91
Dominican Republic,DOM,2019,-0.25873,2015s,0.91
Dominican Republic,DOM,2020,-0.51881,2020s,0.17
Dominican Republic,DOM,2021,-0.65189,2020s,0.17
Dominican Republic,DOM,2022,2.09974,2020s,0.17
Dominican Republic,DOM,2023,-0.25707,2020s,0.17
Ecuador,ECU,1991,0.4644,1990s,0.61
Ecuador,ECU,1992,0.77042,1990s,0.61
Ecuador,ECU,1993,0.91743,1990s,0.61
Ecuador,ECU,1994,1.06061,1990s,0.61
Ecuador,ECU,1995,0.74963,1990s,0.61
Ecuador,ECU,1996,0.74405,1990s,0.61
Ecuador,ECU,1997,0.73855,1990s,0.61
Ecuador,ECU,1998,0.29326,1990s,0.61
Ecuador,ECU,1999,-0.2924,1990s,0.61
Ecuador,ECU,2000,0.14663,2000s,0.7
Ecuador,ECU,2001,1.1713,2000s,0.7
Ecuador,ECU,2002,1.01302,2000s,0.7
Ecuador,ECU,2003,0.71633,2000s,0.7
Ecuador,ECU,2004,0.85349,2000s,0.7
Ecuador,ECU,2005,0.70522,2000s,0.7
Ecuador,ECU,2006,0.56022,2000s,0.7
Ecuador,ECU,2007,0.5571,2000s,0.7
Ecuador,ECU,2008,0.96953,2000s,0.7
Ecuador,ECU,2009,0.27435,2000s,0.7
Ecuador,ECU,2010,0.82079,2010s,0.78
Ecuador,ECU,2011,0.81411,2010s,0.78
Ecuador,ECU,2012,0.94213,2010s,0.78
Ecuador,ECU,2013,0.66667,2010s,0.78
Ecuador,ECU,2014,0.66225,2010s,0.78
Ecuador,ECU,2015,0.52632,2015s,0.13
Ecuador,ECU,2016,-0.39267,2015s,0.13
Ecuador,ECU,2017,0.39422,2015s,0.13
Ecuador,ECU,2018,0.39267,2015s,0.13
Ecuador,ECU,2019,-0.26076,2015s,0.13
Ecuador,ECU,2020,-3.26797,2020s,0.42
Ecuador,ECU,2021,1.75676,2020s,0.42
Ecuador,ECU,2022,2.65604,2020s,0.42
Ecuador,ECU,2023,0.51746,2020s,0.42
El Salvador,SLV,1991,1.14723,1990s,1.5
El Salvador,SLV,1992,1.70132,1990s,1.5
El Salvador,SLV,1993,1.85874,1990s,1.5
El Salvador,SLV,1994,1.82482,1990s,1.5
El Salvador,SLV,1995,1.6129,1990s,1.5
El Salvador,SLV,1996,1.5873,1990s,1.5
El Salvador,SLV,1997,1.73611,1990s,1.5
El Salvador,SLV,1998,1.36519,1990s,1.5
El Salvador,SLV,1999,0.6734,1990s,1.5
El Salvador,SLV,2000,1.50502,2000s,0.89
El Salvador,SLV,2001,0.82372,2000s,0.89
El Salvador,SLV,2002,1.47059,2000s,0.89
El Salvador,SLV,2003,1.12721,2000s,0.89
El Salvador,SLV,2004,1.27389,2000s,0.89
El Salvador,SLV,2005,0.9434,2000s,0.89
El Salvador,SLV,2006,0.77882,2000s,0.89
El Salvador,SLV,2007,0.92736,2000s,0.89
El Salvador,SLV,2008,0,2000s,0.89
El Salvador,SLV,2009,0,2000s,0.89
El Salvador,SLV,2010,1.07198,2010s,0.46
El Salvador,SLV,2011,0.30303,2010s,0.46
El Salvador,SLV,2012,0.60423,2010s,0.46
El Salvador,SLV,2013,0.3003,2010s,0.46
El Salvador,SLV,2014,0,2010s,0.46
El Salvador,SLV,2015,-0.1497,2015s,0.06
El Salvador,SLV,2016,-0.14993,2015s,0.06
El Salvador,SLV,2017,-0.15015,2015s,0.06
El Salvador,SLV,2018,0.75188,2015s,0.06
El Salvador,SLV,2019,0,2015s,0.06
El Salvador,SLV,2020,-1.49254,2020s,0.3
El Salvador,SLV,2021,0.45455,2020s,0.3
El Salvador,SLV,2022,1.65913,2020s,0.3
El Salvador,SLV,2023,0.59347,2020s,0.3
Grenada,GRD,1991,,1990s,
Grenada,GRD,1992,,1990s,
Grenada,GRD,1993,,1990s,
Grenada,GRD,1994,,1990s,
Grenada,GRD,1995,,1990s,
Grenada,GRD,1996,,1990s,
Grenada,GRD,1997,,1990s,
Grenada,GRD,1998,,1990s,
Grenada,GRD,1999,,1990s,
Grenada,GRD,2000,,2000s,0.44
Grenada,GRD,2001,,2000s,0.44
Grenada,GRD,2002,,2000s,0.44
Grenada,GRD,2003,0.94086,2000s,0.44
Grenada,GRD,2004,-0.66578,2000s,0.44
Grenada,GRD,2005,2.41287,2000s,0.44
Grenada,GRD,2006,0,2000s,0.44
Grenada,GRD,2007,0.52356,2000s,0.44
Grenada,GRD,2008,0.39062,2000s,0.44
Grenada,GRD,2009,-0.51881,2000s,0.44
Grenada,GRD,2010,0.52151,2010s,0.31
Grenada,GRD,2011,0.2594,2010s,0.31
Grenada,GRD,2012,0.12937,2010s,0.31
Grenada,GRD,2013,0.3876,2010s,0.31
Grenada,GRD,2014,0.2574,2010s,0.31
Grenada,GRD,2015,0.38511,2015s,0.26
Grenada,GRD,2016,0.25575,2015s,0.26
Grenada,GRD,2017,0,2015s,0.26
Grenada,GRD,2018,0.5102,2015s,0.26
Grenada,GRD,2019,0.1269,2015s,0.26
Grenada,GRD,2020,-0.8872,2020s,0.07
Grenada,GRD,2021,0,2020s,0.07
Grenada,GRD,2022,0.89514,2020s,0.07
Grenada,GRD,2023,0.25349,2020s,0.07
Guatemala,GTM,1991,0.8016,1990s,1.21
Guatemala,GTM,1992,0.59642,1990s,1.21
Guatemala,GTM,1993,0.79051,1990s,1.21
Guatemala,GTM,1994,0.98039,1990s,1.21
Guatemala,GTM,1995,1.35922,1990s,1.21
Guatemala,GTM,1996,1.53257,1990s,1.21
Guatemala,GTM,1997,1.69811,1990s,1.21
Guatemala,GTM,1998,1.66976,1990s,1.21
Guatemala,GTM,1999,1.45985,1990s,1.21
Guatemala,GTM,2000,1.25899,2000s,1.03
Guatemala,GTM,2001,0.71048,2000s,1.03
Guatemala,GTM,2002,0.88183,2000s,1.03
Guatemala,GTM,2003,0.87413,2000s,1.03
Guatemala,GTM,2004,0.51993,2000s,1.03
Guatemala,GTM,2005,0.51724,2000s,1.03
Guatemala,GTM,2006,1.20069,2000s,1.03
Guatemala,GTM,2007,1.86441,2000s,1.03
Guatemala,GTM,2008,1.33111,2000s,1.03
Guatemala,GTM,2009,1.14943,2000s,1.03
Guatemala,GTM,2010,1.13636,2010s,1.08
Guatemala,GTM,2011,0.80257,2010s,1.08
Guatemala,GTM,2012,0.47771,2010s,1.08
Guatemala,GTM,2013,0.31696,2010s,1.08
Guatemala,GTM,2014,2.68562,2010s,1.08
Guatemala,GTM,2015,-1.84615,2015s,0.1
Guatemala,GTM,2016,0.62696,2015s,0.1
Guatemala,GTM,2017,0.77882,2015s,0.1
Guatemala,GTM,2018,0.30912,2015s,0.1
Guatemala,GTM,2019,0.61633,2015s,0.1
Guatemala,GTM,2020,-1.22511,2020s,0.35
Guatemala,GTM,2021,-0.93023,2020s,0.35
Guatemala,GTM,2022,2.50391,2020s,0.35
Guatemala,GTM,2023,1.0687,2020s,0.35
Guyana,GUY,1991,-0.60729,1990s,1.45
Guyana,GUY,1992,3.25866,1990s,1.45
Guyana,GUY,1993,2.76134,1990s,1.45
Guyana,GUY,1994,1.91939,1990s,1.45
Guyana,GUY,1995,0.94162,1990s,1.45
Guyana,GUY,1996,1.86567,1990s,1.45
Guyana,GUY,1997,1.0989,1990s,1.45
Guyana,GUY,1998,0.9058,1990s,1.45
Guyana,GUY,1999,0.89767,1990s,1.45
Guyana,GUY,2000,0.88968,2000s,1.26
Guyana,GUY,2001,1.41093,2000s,1.26
Guyana,GUY,2002,0.86957,2000s,1.26
Guyana,GUY,2003,1.2069,2000s,1.26
Guyana,GUY,2004,2.21465,2000s,1.26
Guyana,GUY,2005,1.66667,2000s,1.26
Guyana,GUY,2006,1.47541,2000s,1.26
Guyana,GUY,2007,1.13086,2000s,1.26
Guyana,GUY,2008,0.95847,2000s,1.26
Guyana,GUY,2009,0.79114,2000s,1.26
Guyana,GUY,2010,1.56986,2010s,1.26
Guyana,GUY,2011,1.85471,2010s,1.26
Guyana,GUY,2012,0.75873,2010s,1.26
Guyana,GUY,2013,0.75301,2010s,1.26
Guyana,GUY,2014,1.34529,2010s,1.26
Guyana,GUY,2015,0.73746,2015s,0.9
Guyana,GUY,2016,1.02489,2015s,0.9
Guyana,GUY,2017,0.86957,2015s,0.9
Guyana,GUY,2018,0.86207,2015s,0.9
Guyana,GUY,2019,0.99715,2015s,0.9
Guyana,GUY,2020,1.83357,2020s,2.33
Guyana,GUY,2021,-1.24654,2020s,2.33
Guyana,GUY,2022,7.01262,2020s,2.33
Guyana,GUY,2023,1.7038,2020s,2.33
Haiti,HTI,1991,0.65076,1990s,0.75
Haiti,HTI,1992,0.43103,1990s,0.75
Haiti,HTI,1993,0.21459,1990s,0.75
Haiti,HTI,1994,-0.85653,1990s,0.75
Haiti,HTI,1995,2.15983,1990s,0.75
Haiti,HTI,1996,1.2685,1990s,0.75
Haiti,HTI,1997,1.04384,1990s,0.75
Haiti,HTI,1998,0.82645,1990s,0.75
Haiti,HTI,1999,1.02459,1990s,0.75
Haiti,HTI,2000,0.81136,2000s,0.8
Haiti,HTI,2001,0.60362,2000s,0.8
Haiti,HTI,2002,0.8,2000s,0.8
Haiti,HTI,2003,0.79365,2000s,0.8
Haiti,HTI,2004,-0.59055,2000s,0.8
Haiti,HTI,2005,2.17822,2000s,0.8
Haiti,HTI,2006,0.77519,2000s,0.8
Haiti,HTI,2007,0.76923,2000s,0.8
Haiti,HTI,2008,0.76336,2000s,0.8
Haiti,HTI,2009,1.13636,2000s,0.8
Haiti,HTI,2010,-15.35581,2010s,1.13
Haiti,HTI,2011,18.58407,2010s,1.13
Haiti,HTI,2012,0.74627,2010s,1.13
Haiti,HTI,2013,0.92593,2010s,1.13
Haiti,HTI,2014,0.73394,2010s,1.13
Haiti,HTI,2015,0.54645,2015s,0.4
Haiti,HTI,2016,0.54348,2015s,0.4
Haiti,HTI,2017,0.72072,2015s,0.4
Haiti,HTI,2018,0.35778,2015s,0.4
Haiti,HTI,2019,-0.17825,2015s,0.4
Haiti,HTI,2020,-0.89286,2020s,-0.27
Haiti,HTI,2021,-1.26126,2020s,-0.27
Haiti,HTI,2022,0.72993,2020s,-0.27
Haiti,HTI,2023,0.36232,2020s,-0.27
Honduras,HND,1991,0.5814,1990s,0.77
Honduras,HND,1992,0.77071,1990s,0.77
Honduras,HND,1993,1.14723,1990s,0.77
Honduras,HND,1994,0.56711,1990s,0.77
Honduras,HND,1995,0.93985,1990s,0.77
Honduras,HND,1996,0.74488,1990s,0.77
Honduras,HND,1997,1.10906,1990s,0.77
Honduras,HND,1998,-3.29068,1990s,0.77
Honduras,HND,1999,4.34783,1990s,0.77
Honduras,HND,2000,1.08696,2000s,0.74
Honduras,HND,2001,0.53763,2000s,0.74
Honduras,HND,2002,0.53476,2000s,0.74
Honduras,HND,2003,0.70922,2000s,0.74
Honduras,HND,2004,0.88028,2000s,0.74
Honduras,HND,2005,0.8726,2000s,0.74
Honduras,HND,2006,0.69204,2000s,0.74
Honduras,HND,2007,0.85911,2000s,0.74
Honduras,HND,2008,0.85179,2000s,0.74
Honduras,HND,2009,0.33784,2000s,0.74
Honduras,HND,2010,0.3367,2010s,0.33
Honduras,HND,2011,0.33557,2010s,0.33
Honduras,HND,2012,-0.16722,2010s,0.33
Honduras,HND,2013,0.67002,2010s,0.33
Honduras,HND,2014,0.49917,2010s,0.33
Honduras,HND,2015,0.99338,2015s,0.91
Honduras,HND,2016,0.98361,2015s,0.91
Honduras,HND,2017,0.32468,2015s,0.91
Honduras,HND,2018,0.16181,2015s,0.91
Honduras,HND,2019,2.10016,2015s,0.91
Honduras,HND,2020,-1.10759,2020s,0.52
Honduras,HND,2021,0.48,2020s,0.52
Honduras,HND,2022,2.38854,2020s,0.52
Honduras,HND,2023,0.31104,2020s,0.52
Jamaica,JAM,1991,0,1990s,0
Jamaica,JAM,1992,0.30211,1990s,0
Jamaica,JAM,1993,0,1990s,0
Jamaica,JAM,1994,0,1990s,0
Jamaica,JAM,1995,0.1506,1990s,0
Jamaica,JAM,1996,-0.15038,1990s,0
Jamaica,JAM,1997,-0.1506,1990s,0
Jamaica,JAM,1998,-0.15083,1990s,0
Jamaica,JAM,1999,0,1990s,0
Jamaica,JAM,2000,-0.45317,2000s,0.72
Jamaica,JAM,2001,1.36571,2000s,0.72
Jamaica,JAM,2002,0.5988,2000s,0.72
Jamaica,JAM,2003,-0.59524,2000s,0.72
Jamaica,JAM,2004,2.39521,2000s,0.72
Jamaica,JAM,2005,0.4386,2000s,0.72
Jamaica,JAM,2006,1.31004,2000s,0.72
Jamaica,JAM,2007,1.14943,2000s,0.72
Jamaica,JAM,2008,0.99432,2000s,0.72
Jamaica,JAM,2009,0,2000s,0.72
Jamaica,JAM,2010,-0.42194,2010s,0.03
Jamaica,JAM,2011,0.42373,2010s,0.03
Jamaica,JAM,2012,0,2010s,0.03
Jamaica,JAM,2013,0,2010s,0.03
Jamaica,JAM,2014,0.14065,2010s,0.03
Jamaica,JAM,2015,0.14045,2015s,0.11
Jamaica,JAM,2016,0.14025,2015s,0.11
Jamaica,JAM,2017,0.14006,2015s,0.11
Jamaica,JAM,2018,0,2015s,0.11
Jamaica,JAM,2019,0.13986,2015s,0.11
Jamaica,JAM,2020,-0.69832,2020s,0.15
Jamaica,JAM,2021,-1.12518,2020s,0.15
Jamaica,JAM,2022,2.13371,2020s,0.15
Jamaica,JAM,2023,0.27855,2020s,0.15
Mexico,MEX,1991,0.2994,1990s,0.62
Mexico,MEX,1992,0.29851,1990s,0.62
Mexico,MEX,1993,0.44643,1990s,0.62
Mexico,MEX,1994,0.74074,1990s,0.62
Mexico,MEX,1995,0,1990s,0.62
Mexico,MEX,1996,1.02941,1990s,0.62
Mexico,MEX,1997,1.01892,1990s,0.62
Mexico,MEX,1998,1.00865,1990s,0.62
Mexico,MEX,1999,0.71327,1990s,0.62
Mexico,MEX,2000,0.84986,2000s,0.59
Mexico,MEX,2001,0.42135,2000s,0.59
Mexico,MEX,2002,0.97902,2000s,0.59
Mexico,MEX,2003,0.83102,2000s,0.59
Mexico,MEX,2004,0.54945,2000s,0.59
Mexico,MEX,2005,0.54645,2000s,0.59
Mexico,MEX,2006,1.22283,2000s,0.59
Mexico,MEX,2007,0.26846,2000s,0.59
Mexico,MEX,2008,0.40161,2000s,0.59
Mexico,MEX,2009,-0.13333,2000s,0.59
Mexico,MEX,2010,0.26702,2010s,0.53
Mexico,MEX,2011,0.79893,2010s,0.53
Mexico,MEX,2012,0.9247,2010s,0.53
Mexico,MEX,2013,0.13089,2010s,0.53
Mexico,MEX,2014,0.52288,2010s,0.53
Mexico,MEX,2015,0.52016,2015s,0.49
Mexico,MEX,2016,0.64683,2015s,0.49
Mexico,MEX,2017,0.3856,2015s,0.49
Mexico,MEX,2018,0.51216,2015s,0.49
Mexico,MEX,2019,0.38217,2015s,0.49
Mexico,MEX,2020,-3.17259,2020s,0.06
Mexico,MEX,2021,-0.26212,2020s,0.06
Mexico,MEX,2022,2.89093,2020s,0.06
Mexico,MEX,2023,0.76628,2020s,0.06
Nicaragua,NIC,1991,2.13592,1990s,1.43
Nicaragua,NIC,1992,0.95057,1990s,1.43
Nicaragua,NIC,1993,0.56497,1990s,1.43
Nicaragua,NIC,1994,1.1236,1990s,1.43
Nicaragua,NIC,1995,1.66667,1990s,1.43
Nicaragua,NIC,1996,1.82149,1990s,1.43
Nicaragua,NIC,1997,1.61002,1990s,1.43
Nicaragua,NIC,1998,0.17606,1990s,1.43
Nicaragua,NIC,1999,2.81195,1990s,1.43
Nicaragua,NIC,2000,1.36752,2000s,1
Nicaragua,NIC,2001,1.34907,2000s,1
Nicaragua,NIC,2002,1.33111,2000s,1
Nicaragua,NIC,2003,0.98522,2000s,1
Nicaragua,NIC,2004,1.30081,2000s,1
Nicaragua,NIC,2005,1.1236,2000s,1
Nicaragua,NIC,2006,0.95238,2000s,1
Nicaragua,NIC,2007,0.9434,2000s,1
Nicaragua,NIC,2008,0.62305,2000s,1
Nicaragua,NIC,2009,0,2000s,1
Nicaragua,NIC,2010,0.77399,2010s,0.85
Nicaragua,NIC,2011,0.92166,2010s,0.85
Nicaragua,NIC,2012,1.06545,2010s,0.85
Nicaragua,NIC,2013,0.60241,2010s,0.85
Nicaragua,NIC,2014,0.8982,2010s,0.85
Nicaragua,NIC,2015,0.74184,2015s,0.47
Nicaragua,NIC,2016,0.73638,2015s,0.47
Nicaragua,NIC,2017,0.5848,2015s,0.47
Nicaragua,NIC,2018,0.2907,2015s,0.47
Nicaragua,NIC,2019,0,2015s,0.47
Nicaragua,NIC,2020,-2.02899,2020s,0.59
Nicaragua,NIC,2021,0.88757,2020s,0.59
Nicaragua,NIC,2022,2.78592,2020s,0.59
Nicaragua,NIC,2023,0.71327,2020s,0.59
Panama,PAN,1991,0.29762,1990s,0.64
Panama,PAN,1992,0.89021,1990s,0.64
Panama,PAN,1993,0.88235,1990s,0.64
Panama,PAN,1994,0.29155,1990s,0.64
Panama,PAN,1995,0.2907,1990s,0.64
Panama,PAN,1996,0.57971,1990s,0.64
Panama,PAN,1997,1.00865,1990s,0.64
Panama,PAN,1998,0.85592,1990s,0.64
Panama,PAN,1999,0.70721,1990s,0.64
Panama,PAN,2000,0.8427,2000s,0.79
Panama,PAN,2001,0.69638,2000s,0.79
Panama,PAN,2002,0.96819,2000s,0.79
Panama,PAN,2003,0.68493,2000s,0.79
Panama,PAN,2004,0.81633,2000s,0.79
Panama,PAN,2005,0.67476,2000s,0.79
Panama,PAN,2006,0.93834,2000s,0.79
Panama,PAN,2007,1.32802,2000s,0.79
Panama,PAN,2008,0.52425,2000s,0.79
Panama,PAN,2009,0.39113,2000s,0.79
Panama,PAN,2010,0.64935,2010s,0.72
Panama,PAN,2011,0.77419,2010s,0.72
Panama,PAN,2012,2.1767,2010s,0.72
Panama,PAN,2013,0.12531,2010s,0.72
Panama,PAN,2014,-0.12516,2010s,0.72
Panama,PAN,2015,0.62657,2015s,0.64
Panama,PAN,2016,0.87173,2015s,0.64
Panama,PAN,2017,0.61728,2015s,0.64
Panama,PAN,2018,0.6135,2015s,0.64
Panama,PAN,2019,0.4878,2015s,0.64
Panama,PAN,2020,-1.94175,2020s,0.46
Panama,PAN,2021,1.36139,2020s,0.46
Panama,PAN,2022,1.9536,2020s,0.46
Panama,PAN,2023,0.47904,2020s,0.46
Paraguay,PRY,1991,0.98847,1990s,1
Paraguay,PRY,1992,0.97879,1990s,1
Paraguay,PRY,1993,1.13086,1990s,1
Paraguay,PRY,1994,0.79872,1990s,1
Paraguay,PRY,1995,0.95087,1990s,1
Paraguay,PRY,1996,1.41287,1990s,1
Paraguay,PRY,1997,1.08359,1990s,1
Paraguay,PRY,1998,0.91884,1990s,1
Paraguay,PRY,1999,0.75873,1990s,1
Paraguay,PRY,2000,0,2000s,0.53
Paraguay,PRY,2001,1.05422,2000s,0.53
Paraguay,PRY,2002,1.19225,2000s,0.53
Paraguay,PRY,2003,-0.88365,2000s,0.53
Paraguay,PRY,2004,1.18871,2000s,0.53
Paraguay,PRY,2005,0.29369,2000s,0.53
Paraguay,PRY,2006,0.14641,2000s,0.53
Paraguay,PRY,2007,0.87719,2000s,0.53
Paraguay,PRY,2008,1.44928,2000s,0.53
Paraguay,PRY,2009,0,2000s,0.53
Paraguay,PRY,2010,1.28571,2010s,0.93
Paraguay,PRY,2011,0.84626,2010s,0.93
Paraguay,PRY,2012,0.55944,2010s,0.93
Paraguay,PRY,2013,1.5299,2010s,0.93
Paraguay,PRY,2014,0.41096,2010s,0.93
Paraguay,PRY,2015,0.5457,2015s,0.38
Paraguay,PRY,2016,0,2015s,0.38
Paraguay,PRY,2017,0.40706,2015s,0.38
Paraguay,PRY,2018,0.54054,2015s,0.38
Paraguay,PRY,2019,0.40323,2015s,0.38
Paraguay,PRY,2020,-0.66934,2020s,0.32
Paraguay,PRY,2021,-2.56065,2020s,0.32
Paraguay,PRY,2022,3.3195,2020s,0.32
Paraguay,PRY,2023,1.20482,2020s,0.32
Peru,PER,1991,0.48,1990s,0.94
Peru,PER,1992,0.15924,1990s,0.94
Peru,PER,1993,0.63593,1990s,0.94
Peru,PER,1994,1.73776,1990s,0.94
Peru,PER,1995,1.5528,1990s,0.94
Peru,PER,1996,0.61162,1990s,0.94
Peru,PER,1997,0.75988,1990s,0.94
Peru,PER,1998,1.20664,1990s,0.94
Peru,PER,1999,1.34128,1990s,0.94
Peru,PER,2000,0.29412,2000s,0.53
Peru,PER,2001,1.17302,2000s,0.53
Peru,PER,2002,0,2000s,0.53
Peru,PER,2003,-0.14493,2000s,0.53
Peru,PER,2004,0.72569,2000s,0.53
Peru,PER,2005,-0.43228,2000s,0.53
Peru,PER,2006,0.86831,2000s,0.53
Peru,PER,2007,1.57819,2000s,0.53
Peru,PER,2008,0.84746,2000s,0.53
Peru,PER,2009,0.42017,2000s,0.53
Peru,PER,2010,1.95258,2010s,1.25
Peru,PER,2011,0.95759,2010s,1.25
Peru,PER,2012,1.35501,2010s,1.25
Peru,PER,2013,1.20321,2010s,1.25
Peru,PER,2014,0.7926,2010s,1.25
Peru,PER,2015,0.65531,2015s,0.54
Peru,PER,2016,0.91146,2015s,0.54
Peru,PER,2017,0,2015s,0.54
Peru,PER,2018,0.64516,2015s,0.54
Peru,PER,2019,0.51282,2015s,0.54
Peru,PER,2020,-1.91327,2020s,0.34
Peru,PER,2021,-0.6502,2020s,0.34
Peru,PER,2022,3.40314,2020s,0.34
Peru,PER,2023,0.50633,2020s,0.34
Saint Kitts and Nevis,KNA,1991,,1990s,
Saint Kitts and Nevis,KNA,1992,,1990s,
Saint Kitts and Nevis,KNA,1993,,1990s,
Saint Kitts and Nevis,KNA,1994,,1990s,
Saint Kitts and Nevis,KNA,1995,,1990s,
Saint Kitts and Nevis,KNA,1996,,1990s,
Saint Kitts and Nevis,KNA,1997,,1990s,
Saint Kitts and Nevis,KNA,1998,,1990s,
Saint Kitts and Nevis,KNA,1999,,1990s,
Saint Kitts and Nevis,KNA,2000,,2000s,0.81
Saint Kitts and Nevis,KNA,2001,,2000s,0.81
Saint Kitts and Nevis,KNA,2002,,2000s,0.81
Saint Kitts and Nevis,KNA,2003,,2000s,0.81
Saint Kitts and Nevis,KNA,2004,,2000s,0.81
Saint Kitts and Nevis,KNA,2005,,2000s,0.81
Saint Kitts and Nevis,KNA,2006,0.92348,2000s,0.81
Saint Kitts and Nevis,KNA,2007,0.52288,2000s,0.81
Saint Kitts and Nevis,KNA,2008,0.91027,2000s,0.81
Saint Kitts and Nevis,KNA,2009,0.90206,2000s,0.81
Saint Kitts and Nevis,KNA,2010,1.02171,2010s,1.15
Saint Kitts and Nevis,KNA,2011,1.1378,2010s,1.15
Saint Kitts and Nevis,KNA,2012,1,2010s,1.15
Saint Kitts and Nevis,KNA,2013,1.23762,2010s,1.15
Saint Kitts and Nevis,KNA,2014,1.34474,2010s,1.15
Saint Kitts and Nevis,KNA,2015,0.12063,2015s,0.24
Saint Kitts and Nevis,KNA,2016,0.24096,2015s,0.24
Saint Kitts and Nevis,KNA,2017,0.24038,2015s,0.24
Saint Kitts and Nevis,KNA,2018,0.1199,2015s,0.24
Saint Kitts and Nevis,KNA,2019,0.47904,2015s,0.24
Saint Kitts and Nevis,KNA,2020,-1.31108,2020s,0.04
Saint Kitts and Nevis,KNA,2021,-1.20773,2020s,0.04
Saint Kitts and Nevis,KNA,2022,1.34474,2020s,0.04
Saint Kitts and Nevis,KNA,2023,1.3269,2020s,0.04
Saint Lucia,LCA,1991,0.29283,1990s,0.4
Saint Lucia,LCA,1992,1.0219,1990s,0.4
Saint Lucia,LCA,1993,0.28902,1990s,0.4
Saint Lucia,LCA,1994,0.28818,1990s,0.4
Saint Lucia,LCA,1995,0.28736,1990s,0.4
Saint Lucia,LCA,1996,0.4298,1990s,0.4
Saint Lucia,LCA,1997,0,1990s,0.4
Saint Lucia,LCA,1998,0.57061,1990s,0.4
Saint Lucia,LCA,1999,0.42553,1990s,0.4
Saint Lucia,LCA,2000,0.28249,2000s,0.59
Saint Lucia,LCA,2001,0.28169,2000s,0.59
Saint Lucia,LCA,2002,0.5618,2000s,0.59
Saint Lucia,LCA,2003,0.69832,2000s,0.59
Saint Lucia,LCA,2004,0.69348,2000s,0.59
Saint Lucia,LCA,2005,0.55096,2000s,0.59
Saint Lucia,LCA,2006,1.50685,2000s,0.59
Saint Lucia,LCA,2007,-0.13495,2000s,0.59
Saint Lucia,LCA,2008,1.21622,2000s,0.59
Saint Lucia,LCA,2009,0.26702,2000s,0.59
Saint Lucia,LCA,2010,-0.26631,2010s,-0.13
Saint Lucia,LCA,2011,0.80107,2010s,-0.13
Saint Lucia,LCA,2012,-0.92715,2010s,-0.13
Saint Lucia,LCA,2013,-0.93583,2010s,-0.13
Saint Lucia,LCA,2014,0.67476,2010s,-0.13
Saint Lucia,LCA,2015,1.47453,2015s,-0.02
Saint Lucia,LCA,2016,0.3963,2015s,-0.02
Saint Lucia,LCA,2017,-0.39474,2015s,-0.02
Saint Lucia,LCA,2018,0.2642,2015s,-0.02
Saint Lucia,LCA,2019,-1.84453,2015s,-0.02
Saint Lucia,LCA,2020,-1.47651,2020s,0.12
Saint Lucia,LCA,2021,-1.3624,2020s,0.12
Saint Lucia,LCA,2022,3.1768,2020s,0.12
Saint Lucia,LCA,2023,0.13387,2020s,0.12
Saint Vincent and the Grenadines,VCT,1991,,1990s,
Saint Vincent and the Grenadines,VCT,1992,,1990s,
Saint Vincent and the Grenadines,VCT,1993,,1990s,
Saint Vincent and the Grenadines,VCT,1994,,1990s,
Saint Vincent and the Grenadines,VCT,1995,,1990s,
Saint Vincent and the Grenadines,VCT,1996,,1990s,
Saint Vincent and the Grenadines,VCT,1997,,1990s,
Saint Vincent and the Grenadines,VCT,1998,,1990s,
Saint Vincent and the Grenadines,VCT,1999,,1990s,
Saint Vincent and the Grenadines,VCT,2000,,2000s,0.69
Saint Vincent and the Grenadines,VCT,2001,0.57143,2000s,0.69
Saint Vincent and the Grenadines,VCT,2002,0.85227,2000s,0.69
Saint Vincent and the Grenadines,VCT,2003,0.70423,2000s,0.69
Saint Vincent and the Grenadines,VCT,2004,0.55944,2000s,0.69
Saint Vincent and the Grenadines,VCT,2005,0.69541,2000s,0.69
Saint Vincent and the Grenadines,VCT,2006,0.96685,2000s,0.69
Saint Vincent and the Grenadines,VCT,2007,0.82079,2000s,0.69
Saint Vincent and the Grenadines,VCT,2008,0.54274,2000s,0.69
Saint Vincent and the Grenadines,VCT,2009,0.53981,2000s,0.69
Saint Vincent and the Grenadines,VCT,2010,0.13423,2010s,0.37
Saint Vincent and the Grenadines,VCT,2011,0.40214,2010s,0.37
Saint Vincent and the Grenadines,VCT,2012,0.53405,2010s,0.37
Saint Vincent and the Grenadines,VCT,2013,0.2656,2010s,0.37
Saint Vincent and the Grenadines,VCT,2014,0.5298,2010s,0.37
Saint Vincent and the Grenadines,VCT,2015,0.79051,2015s,0.73
Saint Vincent and the Grenadines,VCT,2016,0.78431,2015s,0.73
Saint Vincent and the Grenadines,VCT,2017,0.90791,2015s,0.73
Saint Vincent and the Grenadines,VCT,2018,0.64267,2015s,0.73
Saint Vincent and the Grenadines,VCT,2019,0.51086,2015s,0.73
Saint Vincent and the Grenadines,VCT,2020,-0.76239,2020s,0.35
Saint Vincent and the Grenadines,VCT,2021,0,2020s,0.35
Saint Vincent and the Grenadines,VCT,2022,1.66453,2020s,0.35
Saint Vincent and the Grenadines,VCT,2023,0.50378,2020s,0.35
Suriname,SUR,1991,,1990s,
Suriname,SUR,1992,,1990s,
Suriname,SUR,1993,,1990s,
Suriname,SUR,1994,,1990s,
Suriname,SUR,1995,,1990s,
Suriname,SUR,1996,,1990s,
Suriname,SUR,1997,,1990s,
Suriname,SUR,1998,,1990s,
Suriname,SUR,1999,,1990s,
Suriname,SUR,2000,,2000s,0.73
Suriname,SUR,2001,,2000s,0.73
Suriname,SUR,2002,,2000s,0.73
Suriname,SUR,2003,,2000s,0.73
Suriname,SUR,2004,,2000s,0.73
Suriname,SUR,2005,0.88365,2000s,0.73
Suriname,SUR,2006,0.72993,2000s,0.73
Suriname,SUR,2007,1.01449,2000s,0.73
Suriname,SUR,2008,0.57389,2000s,0.73
Suriname,SUR,2009,0.42796,2000s,0.73
Suriname,SUR,2010,0.42614,2010s,0.31
Suriname,SUR,2011,0.14144,2010s,0.31
Suriname,SUR,2012,0.42373,2010s,0.31
Suriname,SUR,2013,0.42194,2010s,0.31
Suriname,SUR,2014,0.14006,2010s,0.31
Suriname,SUR,2015,0.41958,2015s,0.14
Suriname,SUR,2016,-0.27855,2015s,0.14
Suriname,SUR,2017,-0.13966,2015s,0.14
Suriname,SUR,2018,0.55944,2015s,0.14
Suriname,SUR,2019,0.13908,2015s,0.14
Suriname,SUR,2020,-0.83333,2020s,0.09
Suriname,SUR,2021,-2.38095,2020s,0.09
Suriname,SUR,2022,3.15638,2020s,0.09
Suriname,SUR,2023,0.41725,2020s,0.09
Trinidad and Tobago,TTO,1991,0.60514,1990s,0.77
Trinidad and Tobago,TTO,1992,0,1990s,0.77
Trinidad and Tobago,TTO,1993,0.30075,1990s,0.77
Trinidad and Tobago,TTO,1994,0.74963,1990s,0.77
Trinidad and Tobago,TTO,1995,0.74405,1990s,0.77
Trinidad and Tobago,TTO,1996,1.03397,1990s,0.77
Trinidad and Tobago,TTO,1997,1.16959,1990s,0.77
Trinidad and Tobago,TTO,1998,1.15607,1990s,0.77
Trinidad and Tobago,TTO,1999,1.14286,1990s,0.77
Trinidad and Tobago,TTO,2000,0.84746,2000s,1
Trinidad and Tobago,TTO,2001,0.98039,2000s,1
Trinidad and Tobago,TTO,2002,1.24827,2000s,1
Trinidad and Tobago,TTO,2003,1.36986,2000s,1
Trinidad and Tobago,TTO,2004,1.35135,2000s,1
Trinidad and Tobago,TTO,2005,0.8,2000s,1
Trinidad and Tobago,TTO,2006,1.32275,2000s,1
Trinidad and Tobago,TTO,2007,1.04439,2000s,1
Trinidad and Tobago,TTO,2008,1.03359,2000s,1
Trinidad and Tobago,TTO,2009,0,2000s,1
Trinidad and Tobago,TTO,2010,0.89514,2010s,0.58
Trinidad and Tobago,TTO,2011,0.38023,2010s,0.58
Trinidad and Tobago,TTO,2012,0.50505,2010s,0.58
Trinidad and Tobago,TTO,2013,0.75377,2010s,0.58
Trinidad and Tobago,TTO,2014,0.37406,2010s,0.58
Trinidad and Tobago,TTO,2015,0.37267,2015s,0
Trinidad and Tobago,TTO,2016,-0.24752,2015s,0
Trinidad and Tobago,TTO,2017,0,2015s,0
Trinidad and Tobago,TTO,2018,-0.37221,2015s,0
Trinidad and Tobago,TTO,2019,0.24907,2015s,0
Trinidad and Tobago,TTO,2020,-0.62112,2020s,0.06
Trinidad and Tobago,TTO,2021,-0.5,2020s,0.06
Trinidad and Tobago,TTO,2022,1.13065,2020s,0.06
Trinidad and Tobago,TTO,2023,0.24845,2020s,0.06
Uruguay,URY,1991,0.56101,1990s,0.71
Uruguay,URY,1992,0.27894,1990s,0.71
Uruguay,URY,1993,0.41725,1990s,0.71
Uruguay,URY,1994,0.69252,1990s,0.71
Uruguay,URY,1995,0.2751,1990s,0.71
Uruguay,URY,1996,0.96022,1990s,0.71
Uruguay,URY,1997,1.49457,1990s,0.71
Uruguay,URY,1998,1.33869,1990s,0.71
Uruguay,URY,1999,0.3963,1990s,0.71
Uruguay,URY,2000,0.52632,2000s,0.35
Uruguay,URY,2001,0.91623,2000s,0.35
Uruguay,URY,2002,0.51881,2000s,0.35
Uruguay,URY,2003,0.64516,2000s,0.35
Uruguay,URY,2004,-0.12821,2000s,0.35
Uruguay,URY,2005,-0.12837,2000s,0.35
Uruguay,URY,2006,-0.12853,2000s,0.35
Uruguay,URY,2007,0.3861,2000s,0.35
Uruguay,URY,2008,0.38462,2000s,0.35
Uruguay,URY,2009,0.51086,2000s,0.35
Uruguay,URY,2010,1.14358,2010s,0.73
Uruguay,URY,2011,0.62814,2010s,0.73
Uruguay,URY,2012,0.37453,2010s,0.73
Uruguay,URY,2013,0.99502,2010s,0.73
Uruguay,URY,2014,0.49261,2010s,0.73
Uruguay,URY,2015,0.2451,2015s,0.34
Uruguay,URY,2016,0.36675,2015s,0.34
Uruguay,URY,2017,0.73082,2015s,0.34
Uruguay,URY,2018,-0.12092,2015s,0.34
Uruguay,URY,2019,0.48426,2015s,0.34
Uruguay,URY,2020,0.84337,2020s,0.95
Uruguay,URY,2021,0,2020s,0.95
Uruguay,URY,2022,1.79211,2020s,0.95
Uruguay,URY,2023,1.17371,2020s,0.95
"Venezuela, Bolivarian Republic of",VEN,1991,1.67173,1990s,0.66
"Venezuela, Bolivarian Republic of",VEN,1992,1.04634,1990s,0.66
"Venezuela, Bolivarian Republic of",VEN,1993,0.59172,1990s,0.66
"Venezuela, Bolivarian Republic of",VEN,1994,0.14706,1990s,0.66
"Venezuela, Bolivarian Republic of",VEN,1995,0.88106,1990s,0.66
"Venezuela, Bolivarian Republic of",VEN,1996,0.43668,1990s,0.66
"Venezuela, Bolivarian Republic of",VEN,1997,1.15942,1990s,0.66
"Venezuela, Bolivarian Republic of",VEN,1998,0.28653,1990s,0.66
"Venezuela, Bolivarian Republic of",VEN,1999,-0.28571,1990s,0.66
"Venezuela, Bolivarian Republic of",VEN,2000,0.71633,2000s,0.86
"Venezuela, Bolivarian Republic of",VEN,2001,0.71124,2000s,0.86
"Venezuela, Bolivarian Republic of",VEN,2002,1.12994,2000s,0.86
"Venezuela, Bolivarian Republic of",VEN,2003,-1.25698,2000s,0.86
"Venezuela, Bolivarian Republic of",VEN,2004,1.55587,2000s,0.86
"Venezuela, Bolivarian Republic of",VEN,2005,1.39276,2000s,0.86
"Venezuela, Bolivarian Republic of",VEN,2006,1.0989,2000s,0.86
"Venezuela, Bolivarian Republic of",VEN,2007,2.30978,2000s,0.86
"Venezuela, Bolivarian Republic of",VEN,2008,0.79681,2000s,0.86
"Venezuela, Bolivarian Republic of",VEN,2009,0.13175,2000s,0.86
"Venezuela, Bolivarian Republic of",VEN,2010,0.52632,2010s,0.26
"Venezuela, Bolivarian Republic of",VEN,2011,0.78534,2010s,0.26
"Venezuela, Bolivarian Republic of",VEN,2012,0.25974,2010s,0.26
"Venezuela, Bolivarian Republic of",VEN,2013,0.12953,2010s,0.26
"Venezuela, Bolivarian Republic of",VEN,2014,-0.3881,2010s,0.26
"Venezuela, Bolivarian Republic of",VEN,2015,-0.25974,2015s,-1.22
"Venezuela, Bolivarian Republic of",VEN,2016,-0.91146,2015s,-1.22
"Venezuela, Bolivarian Republic of",VEN,2017,-1.57687,2015s,-1.22
"Venezuela, Bolivarian Republic of",VEN,2018,-1.06809,2015s,-1.22
"Venezuela, Bolivarian Republic of",VEN,2019,-2.2942,2015s,-1.22
"Venezuela, Bolivarian Republic of",VEN,2020,-3.45304,2020s,-0.51
"Venezuela, Bolivarian Republic of",VEN,2021,-0.42918,2020s,-0.51
"Venezuela, Bolivarian Republic of",VEN,2022,1.43678,2020s,-0.51
"Venezuela, Bolivarian Republic of",VEN,2023,0.42493,2020s,-0.51
Latin America and the Caribbean,LAC,1991,0.771604938,1990s,0.7
Latin America and the Caribbean,LAC,1992,0.612557427,1990s,0.7
Latin America and the Caribbean,LAC,1993,0.608828006,1990s,0.7
Latin America and the Caribbean,LAC,1994,0.756429652,1990s,0.7
Latin America and the Caribbean,LAC,1995,0.600600601,1990s,0.7
Latin America and the Caribbean,LAC,1996,0.895522388,1990s,0.7
Latin America and the Caribbean,LAC,1997,1.035502959,1990s,0.7
Latin America and the Caribbean,LAC,1998,0.732064422,1990s,0.7
Latin America and the Caribbean,LAC,1999,0.581395349,1990s,0.7
Latin America and the Caribbean,LAC,2000,0.722543353,2000s,0.7
Latin America and the Caribbean,LAC,2001,0.717360115,2000s,0.7
Latin America and the Caribbean,LAC,2002,0.56980057,2000s,0.7
Latin America and the Caribbean,LAC,2003,0.708215297,2000s,0.7
Latin America and the Caribbean,LAC,2004,0.843881857,2000s,0.7
Latin America and the Caribbean,LAC,2005,0.836820084,2000s,0.7
Latin America and the Caribbean,LAC,2006,0.829875519,2000s,0.7
Latin America and the Caribbean,LAC,2007,0.960219479,2000s,0.7
Latin America and the Caribbean,LAC,2008,0.815217391,2000s,0.7
Latin America and the Caribbean,LAC,2009,0.134770889,2000s,0.7
Latin America and the Caribbean,LAC,2010,0.538358008,2010s,0.6
Latin America and the Caribbean,LAC,2011,0.803212851,2010s,0.6
Latin America and the Caribbean,LAC,2012,0.664010624,2010s,0.6
Latin America and the Caribbean,LAC,2013,0.527704485,2010s,0.6
Latin America and the Caribbean,LAC,2014,0.393700787,2010s,0.6
Latin America and the Caribbean,LAC,2015,0.261437908,2015s,0.3
Latin America and the Caribbean,LAC,2016,0.260756193,2015s,0.3
Latin America and the Caribbean,LAC,2017,0.390117035,2015s,0.3
Latin America and the Caribbean,LAC,2018,0.259067358,2015s,0.3
Latin America and the Caribbean,LAC,2019,0.258397933,2015s,0.3
Latin America and the Caribbean,LAC,2020,-1.546391753,2020s,0.2
Latin America and the Caribbean,LAC,2021,-0.261780105,2020s,0.2
Latin America and the Caribbean,LAC,2022,2.099737533,2020s,0.2
Latin America and the Caribbean,LAC,2023,0.642673522,2020s,0.2